[
  {
    "ai_id": 0,
    "tag": "button",
    "text": "Search",
    "type": "button",
    "visible": true,
    "aria_label": null
  },
  {
    "ai_id": 1,
    "tag": "button",
    "text": "hide",
    "type": "button",
    "visible": true,
    "aria_label": null
  },
  {
    "ai_id": 2,
    "tag": "button",
    "text": "Toggle Summary of benefits subsection",
    "type": "button",
    "visible": true,
    "aria_label": null
  },
  {
    "ai_id": 3,
    "tag": "button",
    "text": "hide",
    "type": "button",
    "visible": true,
    "aria_label": null
  },
  {
    "ai_id": 4,
    "tag": "button",
    "text": "hide",
    "type": "button",
    "visible": true,
    "aria_label": null
  },
  {
    "ai_id": 5,
    "tag": "a",
    "text": "Jump to content",
    "type": "link",
    "visible": true,
    "aria_label": null
  },
  {
    "ai_id": 6,
    "tag": "a",
    "text": "",
    "type": "link",
    "visible": true,
    "aria_label": null
  },
  {
    "ai_id": 7,
    "tag": "a",
    "text": "Donate",
    "type": "link",
    "visible": true,
    "aria_label": null
  },
  {
    "ai_id": 8,
    "tag": "a",
    "text": "Create account",
    "type": "link",
    "visible": true,
    "aria_label": null
  },
  {
    "ai_id": 9,
    "tag": "a",
    "text": "Log in",
    "type": "link",
    "visible": true,
    "aria_label": null
  },
  {
    "ai_id": 10,
    "tag": "a",
    "text": "Join Wikipedia Asian Month this November and December!\nContribute in Wikipedia Asian Month and get a",
    "type": "link",
    "visible": true,
    "aria_label": null
  },
  {
    "ai_id": 11,
    "tag": "a",
    "text": "Help with translations!",
    "type": "link",
    "visible": true,
    "aria_label": null
  },
  {
    "ai_id": 12,
    "tag": "a",
    "text": "",
    "type": "link",
    "visible": true,
    "aria_label": null
  },
  {
    "ai_id": 13,
    "tag": "a",
    "text": "(Top)",
    "type": "link",
    "visible": true,
    "aria_label": null
  },
  {
    "ai_id": 14,
    "tag": "a",
    "text": "Obligation",
    "type": "link",
    "visible": true,
    "aria_label": null
  },
  {
    "ai_id": 15,
    "tag": "a",
    "text": "Summary of benefits",
    "type": "link",
    "visible": true,
    "aria_label": null
  },
  {
    "ai_id": 16,
    "tag": "a",
    "text": "Username and privacy",
    "type": "link",
    "visible": true,
    "aria_label": null
  },
  {
    "ai_id": 17,
    "tag": "a",
    "text": "Reputation, communication, and more successful edits",
    "type": "link",
    "visible": true,
    "aria_label": null
  },
  {
    "ai_id": 18,
    "tag": "a",
    "text": "User preferences",
    "type": "link",
    "visible": true,
    "aria_label": null
  },
  {
    "ai_id": 19,
    "tag": "a",
    "text": "Open research",
    "type": "link",
    "visible": true,
    "aria_label": null
  },
  {
    "ai_id": 20,
    "tag": "a",
    "text": "Blocked?",
    "type": "link",
    "visible": true,
    "aria_label": null
  },
  {
    "ai_id": 21,
    "tag": "a",
    "text": "Notes",
    "type": "link",
    "visible": true,
    "aria_label": null
  },
  {
    "ai_id": 22,
    "tag": "a",
    "text": "See also",
    "type": "link",
    "visible": true,
    "aria_label": null
  },
  {
    "ai_id": 23,
    "tag": "a",
    "text": "Project page",
    "type": "link",
    "visible": true,
    "aria_label": null
  },
  {
    "ai_id": 24,
    "tag": "a",
    "text": "Talk",
    "type": "link",
    "visible": true,
    "aria_label": null
  },
  {
    "ai_id": 25,
    "tag": "a",
    "text": "Read",
    "type": "link",
    "visible": true,
    "aria_label": null
  },
  {
    "ai_id": 26,
    "tag": "a",
    "text": "View source",
    "type": "link",
    "visible": true,
    "aria_label": null
  },
  {
    "ai_id": 27,
    "tag": "a",
    "text": "View history",
    "type": "link",
    "visible": true,
    "aria_label": null
  },
  {
    "ai_id": 28,
    "tag": "a",
    "text": "",
    "type": "link",
    "visible": true,
    "aria_label": null
  },
  {
    "ai_id": 29,
    "tag": "a",
    "text": "Wikipedia:Writing better articles \u00a7\u00a0Tone",
    "type": "link",
    "visible": true,
    "aria_label": null
  },
  {
    "ai_id": 30,
    "tag": "a",
    "text": "Special:UserLogin",
    "type": "link",
    "visible": true,
    "aria_label": null
  },
  {
    "ai_id": 31,
    "tag": "a",
    "text": "Help:Logging in",
    "type": "link",
    "visible": true,
    "aria_label": null
  },
  {
    "ai_id": 32,
    "tag": "a",
    "text": "",
    "type": "link",
    "visible": true,
    "aria_label": null
  },
  {
    "ai_id": 33,
    "tag": "a",
    "text": "Shortcuts",
    "type": "link",
    "visible": true,
    "aria_label": null
  },
  {
    "ai_id": 34,
    "tag": "a",
    "text": "WP:ACCOUNT",
    "type": "link",
    "visible": true,
    "aria_label": null
  },
  {
    "ai_id": 35,
    "tag": "a",
    "text": "WP:REGISTER",
    "type": "link",
    "visible": true,
    "aria_label": null
  },
  {
    "ai_id": 36,
    "tag": "a",
    "text": "WP:SIGNUP",
    "type": "link",
    "visible": true,
    "aria_label": null
  },
  {
    "ai_id": 37,
    "tag": "a",
    "text": "Creating an account",
    "type": "link",
    "visible": true,
    "aria_label": null
  },
  {
    "ai_id": 38,
    "tag": "a",
    "text": "Wikipedia",
    "type": "link",
    "visible": true,
    "aria_label": null
  },
  {
    "ai_id": 39,
    "tag": "a",
    "text": "[note 1]",
    "type": "link",
    "visible": true,
    "aria_label": null
  },
  {
    "ai_id": 40,
    "tag": "a",
    "text": "protected",
    "type": "link",
    "visible": true,
    "aria_label": null
  },
  {
    "ai_id": 41,
    "tag": "a",
    "text": "founding principle",
    "type": "link",
    "visible": true,
    "aria_label": null
  },
  {
    "ai_id": 42,
    "tag": "a",
    "text": "",
    "type": "link",
    "visible": true,
    "aria_label": null
  },
  {
    "ai_id": 43,
    "tag": "a",
    "text": "Registering",
    "type": "link",
    "visible": true,
    "aria_label": null
  },
  {
    "ai_id": 44,
    "tag": "a",
    "text": "Wikipedia:Incentives",
    "type": "link",
    "visible": true,
    "aria_label": null
  },
  {
    "ai_id": 45,
    "tag": "a",
    "text": "Temporary accounts",
    "type": "link",
    "visible": true,
    "aria_label": null
  },
  {
    "ai_id": 46,
    "tag": "a",
    "text": "IP addresses",
    "type": "link",
    "visible": true,
    "aria_label": null
  },
  {
    "ai_id": 47,
    "tag": "a",
    "text": "username",
    "type": "link",
    "visible": true,
    "aria_label": null
  },
  {
    "ai_id": 48,
    "tag": "a",
    "text": "unified login",
    "type": "link",
    "visible": true,
    "aria_label": null
  },
  {
    "ai_id": 49,
    "tag": "a",
    "text": "other projects",
    "type": "link",
    "visible": true,
    "aria_label": null
  },
  {
    "ai_id": 50,
    "tag": "a",
    "text": "Wiktionary",
    "type": "link",
    "visible": true,
    "aria_label": null
  },
  {
    "ai_id": 51,
    "tag": "a",
    "text": "Wikimedia Commons",
    "type": "link",
    "visible": true,
    "aria_label": null
  },
  {
    "ai_id": 52,
    "tag": "a",
    "text": "user page",
    "type": "link",
    "visible": true,
    "aria_label": null
  },
  {
    "ai_id": 53,
    "tag": "a",
    "text": "sandbox",
    "type": "link",
    "visible": true,
    "aria_label": null
  },
  {
    "ai_id": 54,
    "tag": "a",
    "text": "user talk page",
    "type": "link",
    "visible": true,
    "aria_label": null
  },
  {
    "ai_id": 55,
    "tag": "a",
    "text": "emails",
    "type": "link",
    "visible": true,
    "aria_label": null
  },
  {
    "ai_id": 56,
    "tag": "a",
    "text": "Use custom preferences",
    "type": "link",
    "visible": true,
    "aria_label": null
  },
  {
    "ai_id": 57,
    "tag": "a",
    "text": "editing tools",
    "type": "link",
    "visible": true,
    "aria_label": null
  },
  {
    "ai_id": 58,
    "tag": "a",
    "text": "for 4 days and made 10 edits",
    "type": "link",
    "visible": true,
    "aria_label": null
  },
  {
    "ai_id": 59,
    "tag": "a",
    "text": "semi-protected",
    "type": "link",
    "visible": true,
    "aria_label": null
  },
  {
    "ai_id": 60,
    "tag": "a",
    "text": "",
    "type": "link",
    "visible": true,
    "aria_label": null
  },
  {
    "ai_id": 61,
    "tag": "a",
    "text": "Temporary accounts",
    "type": "link",
    "visible": true,
    "aria_label": null
  },
  {
    "ai_id": 62,
    "tag": "a",
    "text": "protection",
    "type": "link",
    "visible": true,
    "aria_label": null
  },
  {
    "ai_id": 63,
    "tag": "a",
    "text": "Create new articles",
    "type": "link",
    "visible": true,
    "aria_label": null
  },
  {
    "ai_id": 64,
    "tag": "a",
    "text": "rename pages",
    "type": "link",
    "visible": true,
    "aria_label": null
  },
  {
    "ai_id": 65,
    "tag": "a",
    "text": "upload files",
    "type": "link",
    "visible": true,
    "aria_label": null
  },
  {
    "ai_id": 66,
    "tag": "a",
    "text": "30 days, and have made more than 500 edits",
    "type": "link",
    "visible": true,
    "aria_label": null
  },
  {
    "ai_id": 67,
    "tag": "a",
    "text": "extended protected pages",
    "type": "link",
    "visible": true,
    "aria_label": null
  },
  {
    "ai_id": 68,
    "tag": "a",
    "text": "",
    "type": "link",
    "visible": true,
    "aria_label": null
  },
  {
    "ai_id": 69,
    "tag": "a",
    "text": "[note 2]",
    "type": "link",
    "visible": true,
    "aria_label": null
  },
  {
    "ai_id": 70,
    "tag": "a",
    "text": "create an account",
    "type": "link",
    "visible": true,
    "aria_label": null
  },
  {
    "ai_id": 71,
    "tag": "a",
    "text": "user name",
    "type": "link",
    "visible": true,
    "aria_label": null
  },
  {
    "ai_id": 72,
    "tag": "a",
    "text": "temporary account",
    "type": "link",
    "visible": true,
    "aria_label": null
  },
  {
    "ai_id": 73,
    "tag": "a",
    "text": "user page",
    "type": "link",
    "visible": true,
    "aria_label": null
  },
  {
    "ai_id": 74,
    "tag": "a",
    "text": "Wikipedia is not a homepage provider",
    "type": "link",
    "visible": true,
    "aria_label": null
  },
  {
    "ai_id": 75,
    "tag": "a",
    "text": "freely licensed",
    "type": "link",
    "visible": true,
    "aria_label": null
  },
  {
    "ai_id": 76,
    "tag": "a",
    "text": "user talk page",
    "type": "link",
    "visible": true,
    "aria_label": null
  },
  {
    "ai_id": 77,
    "tag": "a",
    "text": "a small number of users under limited circumstances",
    "type": "link",
    "visible": true,
    "aria_label": null
  },
  {
    "ai_id": 78,
    "tag": "a",
    "text": "a larger group with fewer limitations",
    "type": "link",
    "visible": true,
    "aria_label": null
  },
  {
    "ai_id": 79,
    "tag": "a",
    "text": "assume good faith",
    "type": "link",
    "visible": true,
    "aria_label": null
  },
  {
    "ai_id": 80,
    "tag": "a",
    "text": "civil discourse",
    "type": "link",
    "visible": true,
    "aria_label": null
  },
  {
    "ai_id": 81,
    "tag": "a",
    "text": "vandalism",
    "type": "link",
    "visible": true,
    "aria_label": null
  },
  {
    "ai_id": 82,
    "tag": "a",
    "text": "this page is protected",
    "type": "link",
    "visible": true,
    "aria_label": null
  },
  {
    "ai_id": 83,
    "tag": "a",
    "text": "bots",
    "type": "link",
    "visible": true,
    "aria_label": null
  },
  {
    "ai_id": 84,
    "tag": "a",
    "text": "voting for administrators",
    "type": "link",
    "visible": true,
    "aria_label": null
  },
  {
    "ai_id": 85,
    "tag": "a",
    "text": "bureaucrats",
    "type": "link",
    "visible": true,
    "aria_label": null
  },
  {
    "ai_id": 86,
    "tag": "a",
    "text": "rollback",
    "type": "link",
    "visible": true,
    "aria_label": null
  },
  {
    "ai_id": 87,
    "tag": "a",
    "text": "sysop/administrator",
    "type": "link",
    "visible": true,
    "aria_label": null
  },
  {
    "ai_id": 88,
    "tag": "a",
    "text": "others",
    "type": "link",
    "visible": true,
    "aria_label": null
  },
  {
    "ai_id": 89,
    "tag": "a",
    "text": "Barnstars",
    "type": "link",
    "visible": true,
    "aria_label": null
  },
  {
    "ai_id": 90,
    "tag": "a",
    "text": "Project Awards",
    "type": "link",
    "visible": true,
    "aria_label": null
  },
  {
    "ai_id": 91,
    "tag": "a",
    "text": "Personal User Awards",
    "type": "link",
    "visible": true,
    "aria_label": null
  },
  {
    "ai_id": 92,
    "tag": "a",
    "text": "Editor of the Week",
    "type": "link",
    "visible": true,
    "aria_label": null
  },
  {
    "ai_id": 93,
    "tag": "a",
    "text": "preferences",
    "type": "link",
    "visible": true,
    "aria_label": null
  },
  {
    "ai_id": 94,
    "tag": "a",
    "text": "The Wikipedia Library",
    "type": "link",
    "visible": true,
    "aria_label": null
  },
  {
    "ai_id": 95,
    "tag": "a",
    "text": "Shared IP addresses",
    "type": "link",
    "visible": true,
    "aria_label": null
  },
  {
    "ai_id": 96,
    "tag": "a",
    "text": "proxy servers",
    "type": "link",
    "visible": true,
    "aria_label": null
  },
  {
    "ai_id": 97,
    "tag": "a",
    "text": "vandalism",
    "type": "link",
    "visible": true,
    "aria_label": null
  },
  {
    "ai_id": 98,
    "tag": "a",
    "text": "request",
    "type": "link",
    "visible": true,
    "aria_label": null
  },
  {
    "ai_id": 99,
    "tag": "a",
    "text": "my contributions",
    "type": "link",
    "visible": true,
    "aria_label": null
  },
  {
    "ai_id": 100,
    "tag": "a",
    "text": "Special:BlockList",
    "type": "link",
    "visible": true,
    "aria_label": null
  },
  {
    "ai_id": 101,
    "tag": "a",
    "text": "Special:MyPage",
    "type": "link",
    "visible": true,
    "aria_label": null
  },
  {
    "ai_id": 102,
    "tag": "a",
    "text": "Wikipedia:Request an account",
    "type": "link",
    "visible": true,
    "aria_label": null
  },
  {
    "ai_id": 103,
    "tag": "a",
    "text": "globally blocked",
    "type": "link",
    "visible": true,
    "aria_label": null
  },
  {
    "ai_id": 104,
    "tag": "a",
    "text": "Wikipedia:Request an account",
    "type": "link",
    "visible": true,
    "aria_label": null
  },
  {
    "ai_id": 105,
    "tag": "a",
    "text": "Blocking policy",
    "type": "link",
    "visible": true,
    "aria_label": null
  },
  {
    "ai_id": 106,
    "tag": "a",
    "text": "Create an account",
    "type": "link",
    "visible": true,
    "aria_label": null
  },
  {
    "ai_id": 107,
    "tag": "a",
    "text": "logged",
    "type": "link",
    "visible": true,
    "aria_label": null
  },
  {
    "ai_id": 108,
    "tag": "a",
    "text": "^",
    "type": "link",
    "visible": true,
    "aria_label": "Jump up"
  },
  {
    "ai_id": 109,
    "tag": "a",
    "text": "blocked",
    "type": "link",
    "visible": true,
    "aria_label": null
  },
  {
    "ai_id": 110,
    "tag": "a",
    "text": "banned",
    "type": "link",
    "visible": true,
    "aria_label": null
  },
  {
    "ai_id": 111,
    "tag": "a",
    "text": "sanctions",
    "type": "link",
    "visible": true,
    "aria_label": null
  },
  {
    "ai_id": 112,
    "tag": "a",
    "text": "editing restrictions",
    "type": "link",
    "visible": true,
    "aria_label": null
  },
  {
    "ai_id": 113,
    "tag": "a",
    "text": "sockpuppetry policies",
    "type": "link",
    "visible": true,
    "aria_label": null
  },
  {
    "ai_id": 114,
    "tag": "a",
    "text": "^",
    "type": "link",
    "visible": true,
    "aria_label": "Jump up"
  },
  {
    "ai_id": 115,
    "tag": "a",
    "text": "certain contentious topics",
    "type": "link",
    "visible": true,
    "aria_label": null
  },
  {
    "ai_id": 116,
    "tag": "a",
    "text": "a warning",
    "type": "link",
    "visible": true,
    "aria_label": null
  },
  {
    "ai_id": 117,
    "tag": "a",
    "text": "blocking",
    "type": "link",
    "visible": true,
    "aria_label": null
  },
  {
    "ai_id": 118,
    "tag": "a",
    "text": "",
    "type": "link",
    "visible": true,
    "aria_label": null
  },
  {
    "ai_id": 119,
    "tag": "a",
    "text": "sister projects",
    "type": "link",
    "visible": true,
    "aria_label": null
  },
  {
    "ai_id": 120,
    "tag": "a",
    "text": "Wikimedia Commons",
    "type": "link",
    "visible": true,
    "aria_label": null
  },
  {
    "ai_id": 121,
    "tag": "a",
    "text": "Why not create an account?",
    "type": "link",
    "visible": true,
    "aria_label": null
  },
  {
    "ai_id": 122,
    "tag": "a",
    "text": "Request an account",
    "type": "link",
    "visible": true,
    "aria_label": null
  },
  {
    "ai_id": 123,
    "tag": "a",
    "text": "Wikipedia:Username policy \u00a7\u00a0Deleting and merging accounts",
    "type": "link",
    "visible": true,
    "aria_label": null
  },
  {
    "ai_id": 124,
    "tag": "a",
    "text": "Help:Logging in",
    "type": "link",
    "visible": true,
    "aria_label": null
  },
  {
    "ai_id": 125,
    "tag": "a",
    "text": "Advice for parents",
    "type": "link",
    "visible": true,
    "aria_label": null
  },
  {
    "ai_id": 126,
    "tag": "a",
    "text": "Contributing to Wikipedia",
    "type": "link",
    "visible": true,
    "aria_label": null
  },
  {
    "ai_id": 127,
    "tag": "a",
    "text": "Personal security practices",
    "type": "link",
    "visible": true,
    "aria_label": null
  },
  {
    "ai_id": 128,
    "tag": "a",
    "text": "Privacy, confidentiality and discretion",
    "type": "link",
    "visible": true,
    "aria_label": null
  },
  {
    "ai_id": 129,
    "tag": "a",
    "text": "Special:ListUsers",
    "type": "link",
    "visible": true,
    "aria_label": null
  },
  {
    "ai_id": 130,
    "tag": "a",
    "text": "meta:No external sign-on",
    "type": "link",
    "visible": true,
    "aria_label": null
  },
  {
    "ai_id": 131,
    "tag": "a",
    "text": "",
    "type": "link",
    "visible": true,
    "aria_label": null
  },
  {
    "ai_id": 132,
    "tag": "a",
    "text": "Help desk",
    "type": "link",
    "visible": true,
    "aria_label": null
  },
  {
    "ai_id": 133,
    "tag": "a",
    "text": "Just use this link to ask for help on your talk page",
    "type": "link",
    "visible": true,
    "aria_label": null
  },
  {
    "ai_id": 134,
    "tag": "a",
    "text": "v",
    "type": "link",
    "visible": true,
    "aria_label": null
  },
  {
    "ai_id": 135,
    "tag": "a",
    "text": "t",
    "type": "link",
    "visible": true,
    "aria_label": null
  },
  {
    "ai_id": 136,
    "tag": "a",
    "text": "e",
    "type": "link",
    "visible": true,
    "aria_label": null
  },
  {
    "ai_id": 137,
    "tag": "a",
    "text": "Basic information on Wikipedia",
    "type": "link",
    "visible": true,
    "aria_label": null
  },
  {
    "ai_id": 138,
    "tag": "a",
    "text": "Search",
    "type": "link",
    "visible": true,
    "aria_label": null
  },
  {
    "ai_id": 139,
    "tag": "a",
    "text": "Help",
    "type": "link",
    "visible": true,
    "aria_label": null
  },
  {
    "ai_id": 140,
    "tag": "a",
    "text": "directory",
    "type": "link",
    "visible": true,
    "aria_label": null
  },
  {
    "ai_id": 141,
    "tag": "a",
    "text": "menu",
    "type": "link",
    "visible": true,
    "aria_label": null
  },
  {
    "ai_id": 142,
    "tag": "a",
    "text": "Teahouse",
    "type": "link",
    "visible": true,
    "aria_label": null
  },
  {
    "ai_id": 143,
    "tag": "a",
    "text": "About Wikipedia",
    "type": "link",
    "visible": true,
    "aria_label": null
  },
  {
    "ai_id": 144,
    "tag": "a",
    "text": "Readers' index to Wikipedia",
    "type": "link",
    "visible": true,
    "aria_label": null
  },
  {
    "ai_id": 145,
    "tag": "a",
    "text": "Statistics",
    "type": "link",
    "visible": true,
    "aria_label": null
  },
  {
    "ai_id": 146,
    "tag": "a",
    "text": "Administration",
    "type": "link",
    "visible": true,
    "aria_label": null
  },
  {
    "ai_id": 147,
    "tag": "a",
    "text": "FAQs",
    "type": "link",
    "visible": true,
    "aria_label": null
  },
  {
    "ai_id": 148,
    "tag": "a",
    "text": "Purpose",
    "type": "link",
    "visible": true,
    "aria_label": null
  },
  {
    "ai_id": 149,
    "tag": "a",
    "text": "Who writes Wikipedia?",
    "type": "link",
    "visible": true,
    "aria_label": null
  },
  {
    "ai_id": 150,
    "tag": "a",
    "text": "Organization",
    "type": "link",
    "visible": true,
    "aria_label": null
  },
  {
    "ai_id": 151,
    "tag": "a",
    "text": "Censorship",
    "type": "link",
    "visible": true,
    "aria_label": null
  },
  {
    "ai_id": 152,
    "tag": "a",
    "text": "In brief",
    "type": "link",
    "visible": true,
    "aria_label": null
  },
  {
    "ai_id": 153,
    "tag": "a",
    "text": "General disclaimer",
    "type": "link",
    "visible": true,
    "aria_label": null
  },
  {
    "ai_id": 154,
    "tag": "a",
    "text": "Readers' FAQ",
    "type": "link",
    "visible": true,
    "aria_label": null
  },
  {
    "ai_id": 155,
    "tag": "a",
    "text": "Student help",
    "type": "link",
    "visible": true,
    "aria_label": null
  },
  {
    "ai_id": 156,
    "tag": "a",
    "text": "Navigation",
    "type": "link",
    "visible": true,
    "aria_label": null
  },
  {
    "ai_id": 157,
    "tag": "a",
    "text": "Searching",
    "type": "link",
    "visible": true,
    "aria_label": null
  },
  {
    "ai_id": 158,
    "tag": "a",
    "text": "Viewing media",
    "type": "link",
    "visible": true,
    "aria_label": null
  },
  {
    "ai_id": 159,
    "tag": "a",
    "text": "Help",
    "type": "link",
    "visible": true,
    "aria_label": null
  },
  {
    "ai_id": 160,
    "tag": "a",
    "text": "Mobile access",
    "type": "link",
    "visible": true,
    "aria_label": null
  },
  {
    "ai_id": 161,
    "tag": "a",
    "text": "Parental advice",
    "type": "link",
    "visible": true,
    "aria_label": null
  },
  {
    "ai_id": 162,
    "tag": "a",
    "text": "Other languages",
    "type": "link",
    "visible": true,
    "aria_label": null
  },
  {
    "ai_id": 163,
    "tag": "a",
    "text": "Researching with Wikipedia",
    "type": "link",
    "visible": true,
    "aria_label": null
  },
  {
    "ai_id": 164,
    "tag": "a",
    "text": "Citing Wikipedia",
    "type": "link",
    "visible": true,
    "aria_label": null
  },
  {
    "ai_id": 165,
    "tag": "a",
    "text": "Copyright",
    "type": "link",
    "visible": true,
    "aria_label": null
  },
  {
    "ai_id": 166,
    "tag": "a",
    "text": "Introductions\nto contributing",
    "type": "link",
    "visible": true,
    "aria_label": null
  },
  {
    "ai_id": 167,
    "tag": "a",
    "text": "Main introduction",
    "type": "link",
    "visible": true,
    "aria_label": null
  },
  {
    "ai_id": 168,
    "tag": "a",
    "text": "List of tutorials and introductions",
    "type": "link",
    "visible": true,
    "aria_label": null
  },
  {
    "ai_id": 169,
    "tag": "a",
    "text": "The answer",
    "type": "link",
    "visible": true,
    "aria_label": null
  },
  {
    "ai_id": 170,
    "tag": "a",
    "text": "Dos and don'ts",
    "type": "link",
    "visible": true,
    "aria_label": null
  },
  {
    "ai_id": 171,
    "tag": "a",
    "text": "Learning the ropes",
    "type": "link",
    "visible": true,
    "aria_label": null
  },
  {
    "ai_id": 172,
    "tag": "a",
    "text": "Common mistakes",
    "type": "link",
    "visible": true,
    "aria_label": null
  },
  {
    "ai_id": 173,
    "tag": "a",
    "text": "Newcomer primer",
    "type": "link",
    "visible": true,
    "aria_label": null
  },
  {
    "ai_id": 174,
    "tag": "a",
    "text": "Simplified ruleset",
    "type": "link",
    "visible": true,
    "aria_label": null
  },
  {
    "ai_id": 175,
    "tag": "a",
    "text": "The \"Missing Manual\"",
    "type": "link",
    "visible": true,
    "aria_label": null
  },
  {
    "ai_id": 176,
    "tag": "a",
    "text": "Your first article",
    "type": "link",
    "visible": true,
    "aria_label": null
  },
  {
    "ai_id": 177,
    "tag": "a",
    "text": "Wizard",
    "type": "link",
    "visible": true,
    "aria_label": null
  },
  {
    "ai_id": 178,
    "tag": "a",
    "text": "Young Wikipedians",
    "type": "link",
    "visible": true,
    "aria_label": null
  },
  {
    "ai_id": 179,
    "tag": "a",
    "text": "The Wikipedia Adventure",
    "type": "link",
    "visible": true,
    "aria_label": null
  },
  {
    "ai_id": 180,
    "tag": "a",
    "text": "Logging in",
    "type": "link",
    "visible": true,
    "aria_label": null
  },
  {
    "ai_id": 181,
    "tag": "a",
    "text": "Email confirmation",
    "type": "link",
    "visible": true,
    "aria_label": null
  },
  {
    "ai_id": 182,
    "tag": "a",
    "text": "Editing",
    "type": "link",
    "visible": true,
    "aria_label": null
  },
  {
    "ai_id": 183,
    "tag": "a",
    "text": "Toolbar",
    "type": "link",
    "visible": true,
    "aria_label": null
  },
  {
    "ai_id": 184,
    "tag": "a",
    "text": "Conflict",
    "type": "link",
    "visible": true,
    "aria_label": null
  },
  {
    "ai_id": 185,
    "tag": "a",
    "text": "VisualEditor",
    "type": "link",
    "visible": true,
    "aria_label": null
  },
  {
    "ai_id": 186,
    "tag": "a",
    "text": "User guide",
    "type": "link",
    "visible": true,
    "aria_label": null
  },
  {
    "ai_id": 187,
    "tag": "a",
    "text": "Pillars, policies\nand guidelines",
    "type": "link",
    "visible": true,
    "aria_label": null
  },
  {
    "ai_id": 188,
    "tag": "a",
    "text": "Five pillars",
    "type": "link",
    "visible": true,
    "aria_label": null
  },
  {
    "ai_id": 189,
    "tag": "a",
    "text": "Manual of Style",
    "type": "link",
    "visible": true,
    "aria_label": null
  },
  {
    "ai_id": 190,
    "tag": "a",
    "text": "Simplified",
    "type": "link",
    "visible": true,
    "aria_label": null
  },
  {
    "ai_id": 191,
    "tag": "a",
    "text": "Etiquette",
    "type": "link",
    "visible": true,
    "aria_label": null
  },
  {
    "ai_id": 192,
    "tag": "a",
    "text": "Expectations",
    "type": "link",
    "visible": true,
    "aria_label": null
  },
  {
    "ai_id": 193,
    "tag": "a",
    "text": "Oversight",
    "type": "link",
    "visible": true,
    "aria_label": null
  },
  {
    "ai_id": 194,
    "tag": "a",
    "text": "Principles",
    "type": "link",
    "visible": true,
    "aria_label": null
  },
  {
    "ai_id": 195,
    "tag": "a",
    "text": "Ignore all rules",
    "type": "link",
    "visible": true,
    "aria_label": null
  },
  {
    "ai_id": 196,
    "tag": "a",
    "text": "The rules are principles",
    "type": "link",
    "visible": true,
    "aria_label": null
  },
  {
    "ai_id": 197,
    "tag": "a",
    "text": "Core content policies",
    "type": "link",
    "visible": true,
    "aria_label": null
  },
  {
    "ai_id": 198,
    "tag": "a",
    "text": "Policies and guidelines",
    "type": "link",
    "visible": true,
    "aria_label": null
  },
  {
    "ai_id": 199,
    "tag": "a",
    "text": "Vandalism",
    "type": "link",
    "visible": true,
    "aria_label": null
  },
  {
    "ai_id": 200,
    "tag": "a",
    "text": "Appealing blocks",
    "type": "link",
    "visible": true,
    "aria_label": null
  },
  {
    "ai_id": 201,
    "tag": "a",
    "text": "What Wikipedia is not",
    "type": "link",
    "visible": true,
    "aria_label": null
  },
  {
    "ai_id": 202,
    "tag": "a",
    "text": "Getting help",
    "type": "link",
    "visible": true,
    "aria_label": null
  },
  {
    "ai_id": 203,
    "tag": "a",
    "text": "Help menu",
    "type": "link",
    "visible": true,
    "aria_label": null
  },
  {
    "ai_id": 204,
    "tag": "a",
    "text": "Help desk",
    "type": "link",
    "visible": true,
    "aria_label": null
  },
  {
    "ai_id": 205,
    "tag": "a",
    "text": "Reference desk",
    "type": "link",
    "visible": true,
    "aria_label": null
  },
  {
    "ai_id": 206,
    "tag": "a",
    "text": "Category",
    "type": "link",
    "visible": true,
    "aria_label": null
  },
  {
    "ai_id": 207,
    "tag": "a",
    "text": "Requests for help",
    "type": "link",
    "visible": true,
    "aria_label": null
  },
  {
    "ai_id": 208,
    "tag": "a",
    "text": "Disputes resolution requests",
    "type": "link",
    "visible": true,
    "aria_label": null
  },
  {
    "ai_id": 209,
    "tag": "a",
    "text": "IRC live chat",
    "type": "link",
    "visible": true,
    "aria_label": null
  },
  {
    "ai_id": 210,
    "tag": "a",
    "text": "Tutorial",
    "type": "link",
    "visible": true,
    "aria_label": null
  },
  {
    "ai_id": 211,
    "tag": "a",
    "text": "Contact us",
    "type": "link",
    "visible": true,
    "aria_label": null
  },
  {
    "ai_id": 212,
    "tag": "a",
    "text": "Wikipedia community",
    "type": "link",
    "visible": true,
    "aria_label": null
  },
  {
    "ai_id": 213,
    "tag": "a",
    "text": "Departments",
    "type": "link",
    "visible": true,
    "aria_label": null
  },
  {
    "ai_id": 214,
    "tag": "a",
    "text": "Meetups",
    "type": "link",
    "visible": true,
    "aria_label": null
  },
  {
    "ai_id": 215,
    "tag": "a",
    "text": "WikiProjects",
    "type": "link",
    "visible": true,
    "aria_label": null
  },
  {
    "ai_id": 216,
    "tag": "a",
    "text": "Overview",
    "type": "link",
    "visible": true,
    "aria_label": null
  },
  {
    "ai_id": 217,
    "tag": "a",
    "text": "FAQ",
    "type": "link",
    "visible": true,
    "aria_label": null
  },
  {
    "ai_id": 218,
    "tag": "a",
    "text": "Village pump",
    "type": "link",
    "visible": true,
    "aria_label": null
  },
  {
    "ai_id": 219,
    "tag": "a",
    "text": "policy",
    "type": "link",
    "visible": true,
    "aria_label": null
  },
  {
    "ai_id": 220,
    "tag": "a",
    "text": "technical",
    "type": "link",
    "visible": true,
    "aria_label": null
  },
  {
    "ai_id": 221,
    "tag": "a",
    "text": "proposals",
    "type": "link",
    "visible": true,
    "aria_label": null
  },
  {
    "ai_id": 222,
    "tag": "a",
    "text": "idea lab",
    "type": "link",
    "visible": true,
    "aria_label": null
  },
  {
    "ai_id": 223,
    "tag": "a",
    "text": "wikimedia",
    "type": "link",
    "visible": true,
    "aria_label": null
  },
  {
    "ai_id": 224,
    "tag": "a",
    "text": "misc",
    "type": "link",
    "visible": true,
    "aria_label": null
  },
  {
    "ai_id": 225,
    "tag": "a",
    "text": "Newsletters",
    "type": "link",
    "visible": true,
    "aria_label": null
  },
  {
    "ai_id": 226,
    "tag": "a",
    "text": "Signpost",
    "type": "link",
    "visible": true,
    "aria_label": null
  },
  {
    "ai_id": 227,
    "tag": "a",
    "text": "Library Newsletter",
    "type": "link",
    "visible": true,
    "aria_label": null
  },
  {
    "ai_id": 228,
    "tag": "a",
    "text": "GLAM Newsletter",
    "type": "link",
    "visible": true,
    "aria_label": null
  },
  {
    "ai_id": 229,
    "tag": "a",
    "text": "Community portal",
    "type": "link",
    "visible": true,
    "aria_label": null
  },
  {
    "ai_id": 230,
    "tag": "a",
    "text": "Dashboard",
    "type": "link",
    "visible": true,
    "aria_label": null
  },
  {
    "ai_id": 231,
    "tag": "a",
    "text": "Noticeboards",
    "type": "link",
    "visible": true,
    "aria_label": null
  },
  {
    "ai_id": 232,
    "tag": "a",
    "text": "Maintenance",
    "type": "link",
    "visible": true,
    "aria_label": null
  },
  {
    "ai_id": 233,
    "tag": "a",
    "text": "Task Center",
    "type": "link",
    "visible": true,
    "aria_label": null
  },
  {
    "ai_id": 234,
    "tag": "a",
    "text": "Essays",
    "type": "link",
    "visible": true,
    "aria_label": null
  },
  {
    "ai_id": 235,
    "tag": "a",
    "text": "Open letters",
    "type": "link",
    "visible": true,
    "aria_label": null
  },
  {
    "ai_id": 236,
    "tag": "a",
    "text": "Sourcing",
    "type": "link",
    "visible": true,
    "aria_label": null
  },
  {
    "ai_id": 237,
    "tag": "a",
    "text": "referencing",
    "type": "link",
    "visible": true,
    "aria_label": null
  },
  {
    "ai_id": 238,
    "tag": "a",
    "text": "Wikipedia Library",
    "type": "link",
    "visible": true,
    "aria_label": null
  },
  {
    "ai_id": 239,
    "tag": "a",
    "text": "Request Resources",
    "type": "link",
    "visible": true,
    "aria_label": null
  },
  {
    "ai_id": 240,
    "tag": "a",
    "text": "Free resources",
    "type": "link",
    "visible": true,
    "aria_label": null
  },
  {
    "ai_id": 241,
    "tag": "a",
    "text": "Request access to major databases",
    "type": "link",
    "visible": true,
    "aria_label": null
  },
  {
    "ai_id": 242,
    "tag": "a",
    "text": "WikiProject Resource Exchange",
    "type": "link",
    "visible": true,
    "aria_label": null
  },
  {
    "ai_id": 243,
    "tag": "a",
    "text": "Shared resources",
    "type": "link",
    "visible": true,
    "aria_label": null
  },
  {
    "ai_id": 244,
    "tag": "a",
    "text": "Finding sources",
    "type": "link",
    "visible": true,
    "aria_label": null
  },
  {
    "ai_id": 245,
    "tag": "a",
    "text": "Combining sources",
    "type": "link",
    "visible": true,
    "aria_label": null
  },
  {
    "ai_id": 246,
    "tag": "a",
    "text": "Referencing",
    "type": "link",
    "visible": true,
    "aria_label": null
  },
  {
    "ai_id": 247,
    "tag": "a",
    "text": "Citations",
    "type": "link",
    "visible": true,
    "aria_label": null
  },
  {
    "ai_id": 248,
    "tag": "a",
    "text": "Citation Style 1",
    "type": "link",
    "visible": true,
    "aria_label": null
  },
  {
    "ai_id": 249,
    "tag": "a",
    "text": "Citation templates",
    "type": "link",
    "visible": true,
    "aria_label": null
  },
  {
    "ai_id": 250,
    "tag": "a",
    "text": "Footnotes",
    "type": "link",
    "visible": true,
    "aria_label": null
  },
  {
    "ai_id": 251,
    "tag": "a",
    "text": "Page numbers",
    "type": "link",
    "visible": true,
    "aria_label": null
  },
  {
    "ai_id": 252,
    "tag": "a",
    "text": "Cite errors",
    "type": "link",
    "visible": true,
    "aria_label": null
  },
  {
    "ai_id": 253,
    "tag": "a",
    "text": "How-to guides",
    "type": "link",
    "visible": true,
    "aria_label": null
  },
  {
    "ai_id": 254,
    "tag": "a",
    "text": "Category",
    "type": "link",
    "visible": true,
    "aria_label": null
  },
  {
    "ai_id": 255,
    "tag": "a",
    "text": "Tools",
    "type": "link",
    "visible": true,
    "aria_label": null
  },
  {
    "ai_id": 256,
    "tag": "a",
    "text": "Infoboxes",
    "type": "link",
    "visible": true,
    "aria_label": null
  },
  {
    "ai_id": 257,
    "tag": "a",
    "text": "Writing articles",
    "type": "link",
    "visible": true,
    "aria_label": null
  },
  {
    "ai_id": 258,
    "tag": "a",
    "text": "Development",
    "type": "link",
    "visible": true,
    "aria_label": null
  },
  {
    "ai_id": 259,
    "tag": "a",
    "text": "Better writing",
    "type": "link",
    "visible": true,
    "aria_label": null
  },
  {
    "ai_id": 260,
    "tag": "a",
    "text": "Files",
    "type": "link",
    "visible": true,
    "aria_label": null
  },
  {
    "ai_id": 261,
    "tag": "a",
    "text": "Images",
    "type": "link",
    "visible": true,
    "aria_label": null
  },
  {
    "ai_id": 262,
    "tag": "a",
    "text": "Media files",
    "type": "link",
    "visible": true,
    "aria_label": null
  },
  {
    "ai_id": 263,
    "tag": "a",
    "text": "Uploading",
    "type": "link",
    "visible": true,
    "aria_label": null
  },
  {
    "ai_id": 264,
    "tag": "a",
    "text": "Deletion",
    "type": "link",
    "visible": true,
    "aria_label": null
  },
  {
    "ai_id": 265,
    "tag": "a",
    "text": "User contribution pages",
    "type": "link",
    "visible": true,
    "aria_label": null
  },
  {
    "ai_id": 266,
    "tag": "a",
    "text": "Editing pages",
    "type": "link",
    "visible": true,
    "aria_label": null
  },
  {
    "ai_id": 267,
    "tag": "a",
    "text": "Diffs",
    "type": "link",
    "visible": true,
    "aria_label": null
  },
  {
    "ai_id": 268,
    "tag": "a",
    "text": "Namespaces",
    "type": "link",
    "visible": true,
    "aria_label": null
  },
  {
    "ai_id": 269,
    "tag": "a",
    "text": "Deletion",
    "type": "link",
    "visible": true,
    "aria_label": null
  },
  {
    "ai_id": 270,
    "tag": "a",
    "text": "Merging",
    "type": "link",
    "visible": true,
    "aria_label": null
  },
  {
    "ai_id": 271,
    "tag": "a",
    "text": "Renaming",
    "type": "link",
    "visible": true,
    "aria_label": null
  },
  {
    "ai_id": 272,
    "tag": "a",
    "text": "Requests",
    "type": "link",
    "visible": true,
    "aria_label": null
  },
  {
    "ai_id": 273,
    "tag": "a",
    "text": "Redirecting",
    "type": "link",
    "visible": true,
    "aria_label": null
  },
  {
    "ai_id": 274,
    "tag": "a",
    "text": "Reverting",
    "type": "link",
    "visible": true,
    "aria_label": null
  },
  {
    "ai_id": 275,
    "tag": "a",
    "text": "Vandalism cleanup",
    "type": "link",
    "visible": true,
    "aria_label": null
  },
  {
    "ai_id": 276,
    "tag": "a",
    "text": "Talk pages",
    "type": "link",
    "visible": true,
    "aria_label": null
  },
  {
    "ai_id": 277,
    "tag": "a",
    "text": "Archiving",
    "type": "link",
    "visible": true,
    "aria_label": null
  },
  {
    "ai_id": 278,
    "tag": "a",
    "text": "Wiki markup",
    "type": "link",
    "visible": true,
    "aria_label": null
  },
  {
    "ai_id": 279,
    "tag": "a",
    "text": "Cheatsheet",
    "type": "link",
    "visible": true,
    "aria_label": null
  },
  {
    "ai_id": 280,
    "tag": "a",
    "text": "Columns",
    "type": "link",
    "visible": true,
    "aria_label": null
  },
  {
    "ai_id": 281,
    "tag": "a",
    "text": "HTML",
    "type": "link",
    "visible": true,
    "aria_label": null
  },
  {
    "ai_id": 282,
    "tag": "a",
    "text": "Lists",
    "type": "link",
    "visible": true,
    "aria_label": null
  },
  {
    "ai_id": 283,
    "tag": "a",
    "text": "Magic words",
    "type": "link",
    "visible": true,
    "aria_label": null
  },
  {
    "ai_id": 284,
    "tag": "a",
    "text": "For beginners",
    "type": "link",
    "visible": true,
    "aria_label": null
  },
  {
    "ai_id": 285,
    "tag": "a",
    "text": "Sections",
    "type": "link",
    "visible": true,
    "aria_label": null
  },
  {
    "ai_id": 286,
    "tag": "a",
    "text": "Sounds",
    "type": "link",
    "visible": true,
    "aria_label": null
  },
  {
    "ai_id": 287,
    "tag": "a",
    "text": "Special Characters",
    "type": "link",
    "visible": true,
    "aria_label": null
  },
  {
    "ai_id": 288,
    "tag": "a",
    "text": "Tables",
    "type": "link",
    "visible": true,
    "aria_label": null
  },
  {
    "ai_id": 289,
    "tag": "a",
    "text": "Templates",
    "type": "link",
    "visible": true,
    "aria_label": null
  },
  {
    "ai_id": 290,
    "tag": "a",
    "text": "Documentation",
    "type": "link",
    "visible": true,
    "aria_label": null
  },
  {
    "ai_id": 291,
    "tag": "a",
    "text": "Index",
    "type": "link",
    "visible": true,
    "aria_label": null
  },
  {
    "ai_id": 292,
    "tag": "a",
    "text": "Substitution",
    "type": "link",
    "visible": true,
    "aria_label": null
  },
  {
    "ai_id": 293,
    "tag": "a",
    "text": "Transclusion",
    "type": "link",
    "visible": true,
    "aria_label": null
  },
  {
    "ai_id": 294,
    "tag": "a",
    "text": "Image and video markup",
    "type": "link",
    "visible": true,
    "aria_label": null
  },
  {
    "ai_id": 295,
    "tag": "a",
    "text": "Tutorial",
    "type": "link",
    "visible": true,
    "aria_label": null
  },
  {
    "ai_id": 296,
    "tag": "a",
    "text": "Linking",
    "type": "link",
    "visible": true,
    "aria_label": null
  },
  {
    "ai_id": 297,
    "tag": "a",
    "text": "Directories",
    "type": "link",
    "visible": true,
    "aria_label": null
  },
  {
    "ai_id": 298,
    "tag": "a",
    "text": "Category",
    "type": "link",
    "visible": true,
    "aria_label": null
  },
  {
    "ai_id": 299,
    "tag": "a",
    "text": "Abbreviations",
    "type": "link",
    "visible": true,
    "aria_label": null
  },
  {
    "ai_id": 300,
    "tag": "a",
    "text": "Contents",
    "type": "link",
    "visible": true,
    "aria_label": null
  },
  {
    "ai_id": 301,
    "tag": "a",
    "text": "Edit summaries",
    "type": "link",
    "visible": true,
    "aria_label": null
  },
  {
    "ai_id": 302,
    "tag": "a",
    "text": "Essays",
    "type": "link",
    "visible": true,
    "aria_label": null
  },
  {
    "ai_id": 303,
    "tag": "a",
    "text": "Glossary",
    "type": "link",
    "visible": true,
    "aria_label": null
  },
  {
    "ai_id": 304,
    "tag": "a",
    "text": "Index",
    "type": "link",
    "visible": true,
    "aria_label": null
  },
  {
    "ai_id": 305,
    "tag": "a",
    "text": "Shortcuts",
    "type": "link",
    "visible": true,
    "aria_label": null
  },
  {
    "ai_id": 306,
    "tag": "a",
    "text": "Tips",
    "type": "link",
    "visible": true,
    "aria_label": null
  },
  {
    "ai_id": 307,
    "tag": "a",
    "text": "Categories",
    "type": "link",
    "visible": true,
    "aria_label": null
  },
  {
    "ai_id": 308,
    "tag": "a",
    "text": "Wikipedia FAQs",
    "type": "link",
    "visible": true,
    "aria_label": null
  },
  {
    "ai_id": 309,
    "tag": "a",
    "text": "Wikipedia user accounts",
    "type": "link",
    "visible": true,
    "aria_label": null
  },
  {
    "ai_id": 310,
    "tag": "a",
    "text": "Creative Commons Attribution-ShareAlike 4.0 License",
    "type": "link",
    "visible": true,
    "aria_label": null
  },
  {
    "ai_id": 311,
    "tag": "a",
    "text": "Terms of Use",
    "type": "link",
    "visible": true,
    "aria_label": null
  },
  {
    "ai_id": 312,
    "tag": "a",
    "text": "Privacy Policy",
    "type": "link",
    "visible": true,
    "aria_label": null
  },
  {
    "ai_id": 313,
    "tag": "a",
    "text": "Wikimedia Foundation, Inc.",
    "type": "link",
    "visible": true,
    "aria_label": null
  },
  {
    "ai_id": 314,
    "tag": "a",
    "text": "Privacy policy",
    "type": "link",
    "visible": true,
    "aria_label": null
  },
  {
    "ai_id": 315,
    "tag": "a",
    "text": "About Wikipedia",
    "type": "link",
    "visible": true,
    "aria_label": null
  },
  {
    "ai_id": 316,
    "tag": "a",
    "text": "Disclaimers",
    "type": "link",
    "visible": true,
    "aria_label": null
  },
  {
    "ai_id": 317,
    "tag": "a",
    "text": "Contact Wikipedia",
    "type": "link",
    "visible": true,
    "aria_label": null
  },
  {
    "ai_id": 318,
    "tag": "a",
    "text": "Code of Conduct",
    "type": "link",
    "visible": true,
    "aria_label": null
  },
  {
    "ai_id": 319,
    "tag": "a",
    "text": "Developers",
    "type": "link",
    "visible": true,
    "aria_label": null
  },
  {
    "ai_id": 320,
    "tag": "a",
    "text": "Statistics",
    "type": "link",
    "visible": true,
    "aria_label": null
  },
  {
    "ai_id": 321,
    "tag": "a",
    "text": "Cookie statement",
    "type": "link",
    "visible": true,
    "aria_label": null
  },
  {
    "ai_id": 322,
    "tag": "a",
    "text": "Mobile view",
    "type": "link",
    "visible": true,
    "aria_label": null
  },
  {
    "ai_id": 323,
    "tag": "a",
    "text": "",
    "type": "link",
    "visible": true,
    "aria_label": null
  },
  {
    "ai_id": 324,
    "tag": "a",
    "text": "",
    "type": "link",
    "visible": true,
    "aria_label": null
  },
  {
    "ai_id": 325,
    "tag": "input",
    "text": "",
    "type": "button",
    "visible": true,
    "aria_label": "Main menu"
  },
  {
    "ai_id": 326,
    "tag": "input",
    "text": "",
    "type": "input",
    "visible": true,
    "aria_label": "Search Wikipedia"
  },
  {
    "ai_id": 327,
    "tag": "input",
    "text": "",
    "type": "button",
    "visible": true,
    "aria_label": "Go to an article in another language. Available in 72 languages"
  },
  {
    "ai_id": 328,
    "tag": "input",
    "text": "",
    "type": "button",
    "visible": true,
    "aria_label": "Tools"
  },
  {
    "ai_id": 329,
    "tag": "input",
    "text": "",
    "type": "radio",
    "visible": true,
    "aria_label": null
  },
  {
    "ai_id": 330,
    "tag": "input",
    "text": "",
    "type": "radio",
    "visible": true,
    "aria_label": null
  },
  {
    "ai_id": 331,
    "tag": "input",
    "text": "",
    "type": "radio",
    "visible": true,
    "aria_label": null
  },
  {
    "ai_id": 332,
    "tag": "input",
    "text": "",
    "type": "radio",
    "visible": true,
    "aria_label": null
  },
  {
    "ai_id": 333,
    "tag": "input",
    "text": "",
    "type": "radio",
    "visible": true,
    "aria_label": null
  },
  {
    "ai_id": 334,
    "tag": "input",
    "text": "",
    "type": "radio",
    "visible": true,
    "aria_label": null
  },
  {
    "ai_id": 335,
    "tag": "input",
    "text": "",
    "type": "radio",
    "visible": true,
    "aria_label": null
  },
  {
    "ai_id": 336,
    "tag": "input",
    "text": "",
    "type": "radio",
    "visible": true,
    "aria_label": null
  }
]