[
  {
    "ai_id": 0,
    "tag": "button",
    "text": "",
    "type": "button",
    "visible": true,
    "aria_label": null
  },
  {
    "ai_id": 1,
    "tag": "button",
    "text": "",
    "type": "button",
    "visible": true,
    "aria_label": null
  },
  {
    "ai_id": 2,
    "tag": "button",
    "text": "Create Account",
    "type": "button",
    "visible": true,
    "aria_label": null
  },
  {
    "ai_id": 3,
    "tag": "button",
    "text": "Sign in",
    "type": "button",
    "visible": true,
    "aria_label": null
  },
  {
    "ai_id": 4,
    "tag": "input",
    "text": "",
    "type": "input",
    "visible": true,
    "aria_label": null
  },
  {
    "ai_id": 5,
    "tag": "input",
    "text": "",
    "type": "input",
    "visible": true,
    "aria_label": null
  },
  {
    "ai_id": 6,
    "tag": "input",
    "text": "",
    "type": "input",
    "visible": true,
    "aria_label": null
  }
]