{
  "action_number": 9,
  "timestamp": "2025-11-29T17:43:11.602878",
  "url": "https://en.wikipedia.org/wiki/Wikipedia:The_Wikipedia_Library",
  "depth": 0,
  "action_history": [
    "clicked a: View source",
    "clicked a: Register for an account",
    "clicked a: Obligation",
    "clicked a: Summary of benefits",
    "clicked a: Username and privacy",
    "clicked a: Reputation, communication, and more successful edi",
    "clicked a: User preferences",
    "clicked a: The Wikipedia Library"
  ]
}