[
  {
    "ai_id": 0,
    "tag": "button",
    "text": "Search",
    "type": "button",
    "visible": true,
    "aria_label": null
  },
  {
    "ai_id": 1,
    "tag": "button",
    "text": "hide",
    "type": "button",
    "visible": true,
    "aria_label": null
  },
  {
    "ai_id": 2,
    "tag": "button",
    "text": "hide",
    "type": "button",
    "visible": true,
    "aria_label": null
  },
  {
    "ai_id": 3,
    "tag": "a",
    "text": "Jump to content",
    "type": "link",
    "visible": true,
    "aria_label": null
  },
  {
    "ai_id": 4,
    "tag": "a",
    "text": "",
    "type": "link",
    "visible": true,
    "aria_label": null
  },
  {
    "ai_id": 5,
    "tag": "a",
    "text": "Donate",
    "type": "link",
    "visible": true,
    "aria_label": null
  },
  {
    "ai_id": 6,
    "tag": "a",
    "text": "Create account",
    "type": "link",
    "visible": true,
    "aria_label": null
  },
  {
    "ai_id": 7,
    "tag": "a",
    "text": "Log in",
    "type": "link",
    "visible": true,
    "aria_label": null
  },
  {
    "ai_id": 8,
    "tag": "a",
    "text": "Join Wikipedia Asian Month this November and December!\nContribute in Wikipedia Asian Month and get a",
    "type": "link",
    "visible": true,
    "aria_label": null
  },
  {
    "ai_id": 9,
    "tag": "a",
    "text": "Help with translations!",
    "type": "link",
    "visible": true,
    "aria_label": null
  },
  {
    "ai_id": 10,
    "tag": "a",
    "text": "",
    "type": "link",
    "visible": true,
    "aria_label": null
  },
  {
    "ai_id": 11,
    "tag": "a",
    "text": "(Top)",
    "type": "link",
    "visible": true,
    "aria_label": null
  },
  {
    "ai_id": 12,
    "tag": "a",
    "text": "What we do",
    "type": "link",
    "visible": true,
    "aria_label": null
  },
  {
    "ai_id": 13,
    "tag": "a",
    "text": "Related projects",
    "type": "link",
    "visible": true,
    "aria_label": null
  },
  {
    "ai_id": 14,
    "tag": "a",
    "text": "How you can get involved",
    "type": "link",
    "visible": true,
    "aria_label": null
  },
  {
    "ai_id": 15,
    "tag": "a",
    "text": "Other resources",
    "type": "link",
    "visible": true,
    "aria_label": null
  },
  {
    "ai_id": 16,
    "tag": "a",
    "text": "Project page",
    "type": "link",
    "visible": true,
    "aria_label": null
  },
  {
    "ai_id": 17,
    "tag": "a",
    "text": "Talk",
    "type": "link",
    "visible": true,
    "aria_label": null
  },
  {
    "ai_id": 18,
    "tag": "a",
    "text": "Read",
    "type": "link",
    "visible": true,
    "aria_label": null
  },
  {
    "ai_id": 19,
    "tag": "a",
    "text": "Edit",
    "type": "link",
    "visible": true,
    "aria_label": null
  },
  {
    "ai_id": 20,
    "tag": "a",
    "text": "View history",
    "type": "link",
    "visible": true,
    "aria_label": null
  },
  {
    "ai_id": 21,
    "tag": "a",
    "text": "Wikipedia:WikiProject Libraries",
    "type": "link",
    "visible": true,
    "aria_label": null
  },
  {
    "ai_id": 22,
    "tag": "a",
    "text": "That Wikipedia List",
    "type": "link",
    "visible": true,
    "aria_label": null
  },
  {
    "ai_id": 23,
    "tag": "a",
    "text": "Wikipedia:Unusual articles",
    "type": "link",
    "visible": true,
    "aria_label": null
  },
  {
    "ai_id": 24,
    "tag": "a",
    "text": "Shortcuts",
    "type": "link",
    "visible": true,
    "aria_label": null
  },
  {
    "ai_id": 25,
    "tag": "a",
    "text": "WP:LIBRARY",
    "type": "link",
    "visible": true,
    "aria_label": null
  },
  {
    "ai_id": 26,
    "tag": "a",
    "text": "WP:LIB",
    "type": "link",
    "visible": true,
    "aria_label": null
  },
  {
    "ai_id": 27,
    "tag": "a",
    "text": "WP:TWL",
    "type": "link",
    "visible": true,
    "aria_label": null
  },
  {
    "ai_id": 28,
    "tag": "a",
    "text": "WP:WIKILIB",
    "type": "link",
    "visible": true,
    "aria_label": null
  },
  {
    "ai_id": 29,
    "tag": "a",
    "text": "",
    "type": "link",
    "visible": true,
    "aria_label": null
  },
  {
    "ai_id": 30,
    "tag": "a",
    "text": "The Wikipedia Library",
    "type": "link",
    "visible": true,
    "aria_label": null
  },
  {
    "ai_id": 31,
    "tag": "a",
    "text": "",
    "type": "link",
    "visible": true,
    "aria_label": null
  },
  {
    "ai_id": 32,
    "tag": "a",
    "text": "The Wikipedia Library",
    "type": "link",
    "visible": true,
    "aria_label": null
  },
  {
    "ai_id": 33,
    "tag": "a",
    "text": "@wikilibrary",
    "type": "link",
    "visible": true,
    "aria_label": null
  },
  {
    "ai_id": 34,
    "tag": "a",
    "text": "The Wikipedia Library",
    "type": "link",
    "visible": true,
    "aria_label": null
  },
  {
    "ai_id": 35,
    "tag": "a",
    "text": "Wikipedia-Library",
    "type": "link",
    "visible": true,
    "aria_label": null
  },
  {
    "ai_id": 36,
    "tag": "a",
    "text": "#wikipedia-library",
    "type": "link",
    "visible": true,
    "aria_label": null
  },
  {
    "ai_id": 37,
    "tag": "a",
    "text": "edit",
    "type": "link",
    "visible": true,
    "aria_label": null
  },
  {
    "ai_id": 38,
    "tag": "a",
    "text": "Database access",
    "type": "link",
    "visible": true,
    "aria_label": null
  },
  {
    "ai_id": 39,
    "tag": "a",
    "text": "Resource Exchange",
    "type": "link",
    "visible": true,
    "aria_label": null
  },
  {
    "ai_id": 40,
    "tag": "a",
    "text": "edit",
    "type": "link",
    "visible": true,
    "aria_label": null
  },
  {
    "ai_id": 41,
    "tag": "a",
    "text": "WMF resource support pilot",
    "type": "link",
    "visible": true,
    "aria_label": null
  },
  {
    "ai_id": 42,
    "tag": "a",
    "text": "edit",
    "type": "link",
    "visible": true,
    "aria_label": null
  },
  {
    "ai_id": 43,
    "tag": "a",
    "text": "Translate",
    "type": "link",
    "visible": true,
    "aria_label": null
  },
  {
    "ai_id": 44,
    "tag": "a",
    "text": "Help us with tech projects",
    "type": "link",
    "visible": true,
    "aria_label": null
  },
  {
    "ai_id": 45,
    "tag": "a",
    "text": "Read the newsletter",
    "type": "link",
    "visible": true,
    "aria_label": null
  },
  {
    "ai_id": 46,
    "tag": "a",
    "text": "edit",
    "type": "link",
    "visible": true,
    "aria_label": null
  },
  {
    "ai_id": 47,
    "tag": "a",
    "text": "Help:Find sources",
    "type": "link",
    "visible": true,
    "aria_label": null
  },
  {
    "ai_id": 48,
    "tag": "a",
    "text": "",
    "type": "link",
    "visible": true,
    "aria_label": null
  },
  {
    "ai_id": 49,
    "tag": "a",
    "text": "talk",
    "type": "link",
    "visible": true,
    "aria_label": null
  },
  {
    "ai_id": 50,
    "tag": "a",
    "text": "edit",
    "type": "link",
    "visible": true,
    "aria_label": null
  },
  {
    "ai_id": 51,
    "tag": "a",
    "text": "Get free access to research!",
    "type": "link",
    "visible": true,
    "aria_label": null
  },
  {
    "ai_id": 52,
    "tag": "a",
    "text": "Resource Exchange",
    "type": "link",
    "visible": true,
    "aria_label": null
  },
  {
    "ai_id": 53,
    "tag": "a",
    "text": "Reference Desk",
    "type": "link",
    "visible": true,
    "aria_label": null
  },
  {
    "ai_id": 54,
    "tag": "a",
    "text": "Discover open access",
    "type": "link",
    "visible": true,
    "aria_label": null
  },
  {
    "ai_id": 55,
    "tag": "a",
    "text": "Free Resource Guides",
    "type": "link",
    "visible": true,
    "aria_label": null
  },
  {
    "ai_id": 56,
    "tag": "a",
    "text": "Book Sources",
    "type": "link",
    "visible": true,
    "aria_label": null
  },
  {
    "ai_id": 57,
    "tag": "a",
    "text": "Journal Sources",
    "type": "link",
    "visible": true,
    "aria_label": null
  },
  {
    "ai_id": 58,
    "tag": "a",
    "text": "Bibliographies",
    "type": "link",
    "visible": true,
    "aria_label": null
  },
  {
    "ai_id": 59,
    "tag": "a",
    "text": "Free newspaper sources",
    "type": "link",
    "visible": true,
    "aria_label": null
  },
  {
    "ai_id": 60,
    "tag": "a",
    "text": "Online archives",
    "type": "link",
    "visible": true,
    "aria_label": null
  },
  {
    "ai_id": 61,
    "tag": "a",
    "text": "Find Your Local Library tips",
    "type": "link",
    "visible": true,
    "aria_label": null
  },
  {
    "ai_id": 62,
    "tag": "a",
    "text": "Find Your Source tips",
    "type": "link",
    "visible": true,
    "aria_label": null
  },
  {
    "ai_id": 63,
    "tag": "a",
    "text": "How to find sources",
    "type": "link",
    "visible": true,
    "aria_label": null
  },
  {
    "ai_id": 64,
    "tag": "a",
    "text": "Citation tools guide",
    "type": "link",
    "visible": true,
    "aria_label": null
  },
  {
    "ai_id": 65,
    "tag": "a",
    "text": "The Wikipedia Library Bookshelf (meta)",
    "type": "link",
    "visible": true,
    "aria_label": null
  },
  {
    "ai_id": 66,
    "tag": "a",
    "text": "Universities and Libraries",
    "type": "link",
    "visible": true,
    "aria_label": null
  },
  {
    "ai_id": 67,
    "tag": "a",
    "text": "Archivists",
    "type": "link",
    "visible": true,
    "aria_label": null
  },
  {
    "ai_id": 68,
    "tag": "a",
    "text": "Publishers",
    "type": "link",
    "visible": true,
    "aria_label": null
  },
  {
    "ai_id": 69,
    "tag": "a",
    "text": "Wikipedia Loves Libraries",
    "type": "link",
    "visible": true,
    "aria_label": null
  },
  {
    "ai_id": 70,
    "tag": "a",
    "text": "Wikidata source metadata",
    "type": "link",
    "visible": true,
    "aria_label": null
  },
  {
    "ai_id": 71,
    "tag": "a",
    "text": "Get free access to sources",
    "type": "link",
    "visible": true,
    "aria_label": null
  },
  {
    "ai_id": 72,
    "tag": "a",
    "text": "Read the Books & Bytes newsletter",
    "type": "link",
    "visible": true,
    "aria_label": null
  },
  {
    "ai_id": 73,
    "tag": "a",
    "text": "Help disambiguate authors of scholarly papers",
    "type": "link",
    "visible": true,
    "aria_label": null
  },
  {
    "ai_id": 74,
    "tag": "a",
    "text": "Be a Wikipedia Visiting Scholar",
    "type": "link",
    "visible": true,
    "aria_label": null
  },
  {
    "ai_id": 75,
    "tag": "a",
    "text": "Teach Library Interns",
    "type": "link",
    "visible": true,
    "aria_label": null
  },
  {
    "ai_id": 76,
    "tag": "a",
    "text": "Become a Coordinator",
    "type": "link",
    "visible": true,
    "aria_label": null
  },
  {
    "ai_id": 77,
    "tag": "a",
    "text": "Learn about TWL",
    "type": "link",
    "visible": true,
    "aria_label": null
  },
  {
    "ai_id": 78,
    "tag": "a",
    "text": "",
    "type": "link",
    "visible": true,
    "aria_label": null
  },
  {
    "ai_id": 79,
    "tag": "a",
    "text": "",
    "type": "link",
    "visible": true,
    "aria_label": null
  },
  {
    "ai_id": 80,
    "tag": "a",
    "text": "Category",
    "type": "link",
    "visible": true,
    "aria_label": null
  },
  {
    "ai_id": 81,
    "tag": "a",
    "text": "The Wikipedia Library",
    "type": "link",
    "visible": true,
    "aria_label": null
  },
  {
    "ai_id": 82,
    "tag": "a",
    "text": "Creative Commons Attribution-ShareAlike 4.0 License",
    "type": "link",
    "visible": true,
    "aria_label": null
  },
  {
    "ai_id": 83,
    "tag": "a",
    "text": "Terms of Use",
    "type": "link",
    "visible": true,
    "aria_label": null
  },
  {
    "ai_id": 84,
    "tag": "a",
    "text": "Privacy Policy",
    "type": "link",
    "visible": true,
    "aria_label": null
  },
  {
    "ai_id": 85,
    "tag": "a",
    "text": "Wikimedia Foundation, Inc.",
    "type": "link",
    "visible": true,
    "aria_label": null
  },
  {
    "ai_id": 86,
    "tag": "a",
    "text": "Privacy policy",
    "type": "link",
    "visible": true,
    "aria_label": null
  },
  {
    "ai_id": 87,
    "tag": "a",
    "text": "About Wikipedia",
    "type": "link",
    "visible": true,
    "aria_label": null
  },
  {
    "ai_id": 88,
    "tag": "a",
    "text": "Disclaimers",
    "type": "link",
    "visible": true,
    "aria_label": null
  },
  {
    "ai_id": 89,
    "tag": "a",
    "text": "Contact Wikipedia",
    "type": "link",
    "visible": true,
    "aria_label": null
  },
  {
    "ai_id": 90,
    "tag": "a",
    "text": "Code of Conduct",
    "type": "link",
    "visible": true,
    "aria_label": null
  },
  {
    "ai_id": 91,
    "tag": "a",
    "text": "Developers",
    "type": "link",
    "visible": true,
    "aria_label": null
  },
  {
    "ai_id": 92,
    "tag": "a",
    "text": "Statistics",
    "type": "link",
    "visible": true,
    "aria_label": null
  },
  {
    "ai_id": 93,
    "tag": "a",
    "text": "Cookie statement",
    "type": "link",
    "visible": true,
    "aria_label": null
  },
  {
    "ai_id": 94,
    "tag": "a",
    "text": "Mobile view",
    "type": "link",
    "visible": true,
    "aria_label": null
  },
  {
    "ai_id": 95,
    "tag": "a",
    "text": "",
    "type": "link",
    "visible": true,
    "aria_label": null
  },
  {
    "ai_id": 96,
    "tag": "a",
    "text": "",
    "type": "link",
    "visible": true,
    "aria_label": null
  },
  {
    "ai_id": 97,
    "tag": "input",
    "text": "",
    "type": "button",
    "visible": true,
    "aria_label": "Main menu"
  },
  {
    "ai_id": 98,
    "tag": "input",
    "text": "",
    "type": "input",
    "visible": true,
    "aria_label": "Search Wikipedia"
  },
  {
    "ai_id": 99,
    "tag": "input",
    "text": "",
    "type": "button",
    "visible": true,
    "aria_label": "Go to an article in another language. Available in 46 languages"
  },
  {
    "ai_id": 100,
    "tag": "input",
    "text": "",
    "type": "button",
    "visible": true,
    "aria_label": "Tools"
  },
  {
    "ai_id": 101,
    "tag": "input",
    "text": "",
    "type": "radio",
    "visible": true,
    "aria_label": null
  },
  {
    "ai_id": 102,
    "tag": "input",
    "text": "",
    "type": "radio",
    "visible": true,
    "aria_label": null
  },
  {
    "ai_id": 103,
    "tag": "input",
    "text": "",
    "type": "radio",
    "visible": true,
    "aria_label": null
  },
  {
    "ai_id": 104,
    "tag": "input",
    "text": "",
    "type": "radio",
    "visible": true,
    "aria_label": null
  },
  {
    "ai_id": 105,
    "tag": "input",
    "text": "",
    "type": "radio",
    "visible": true,
    "aria_label": null
  },
  {
    "ai_id": 106,
    "tag": "input",
    "text": "",
    "type": "radio",
    "visible": true,
    "aria_label": null
  },
  {
    "ai_id": 107,
    "tag": "input",
    "text": "",
    "type": "radio",
    "visible": true,
    "aria_label": null
  },
  {
    "ai_id": 108,
    "tag": "input",
    "text": "",
    "type": "radio",
    "visible": true,
    "aria_label": null
  }
]