[
  {
    "ai_id": 0,
    "tag": "button",
    "text": "Search",
    "type": "button",
    "visible": true,
    "aria_label": null
  },
  {
    "ai_id": 1,
    "tag": "button",
    "text": "hide",
    "type": "button",
    "visible": true,
    "aria_label": null
  },
  {
    "ai_id": 2,
    "tag": "a",
    "text": "Jump to content",
    "type": "link",
    "visible": true,
    "aria_label": null
  },
  {
    "ai_id": 3,
    "tag": "a",
    "text": "",
    "type": "link",
    "visible": true,
    "aria_label": null
  },
  {
    "ai_id": 4,
    "tag": "a",
    "text": "Donate",
    "type": "link",
    "visible": true,
    "aria_label": null
  },
  {
    "ai_id": 5,
    "tag": "a",
    "text": "Create account",
    "type": "link",
    "visible": true,
    "aria_label": null
  },
  {
    "ai_id": 6,
    "tag": "a",
    "text": "Log in",
    "type": "link",
    "visible": true,
    "aria_label": null
  },
  {
    "ai_id": 7,
    "tag": "a",
    "text": "Join Wikipedia Asian Month this November and December!\nContribute in Wikipedia Asian Month and get a",
    "type": "link",
    "visible": true,
    "aria_label": null
  },
  {
    "ai_id": 8,
    "tag": "a",
    "text": "Help with translations!",
    "type": "link",
    "visible": true,
    "aria_label": null
  },
  {
    "ai_id": 9,
    "tag": "a",
    "text": "",
    "type": "link",
    "visible": true,
    "aria_label": null
  },
  {
    "ai_id": 10,
    "tag": "a",
    "text": "Main Page",
    "type": "link",
    "visible": true,
    "aria_label": null
  },
  {
    "ai_id": 11,
    "tag": "a",
    "text": "Talk",
    "type": "link",
    "visible": true,
    "aria_label": null
  },
  {
    "ai_id": 12,
    "tag": "a",
    "text": "Read",
    "type": "link",
    "visible": true,
    "aria_label": null
  },
  {
    "ai_id": 13,
    "tag": "a",
    "text": "View source",
    "type": "link",
    "visible": true,
    "aria_label": null
  },
  {
    "ai_id": 14,
    "tag": "a",
    "text": "View history",
    "type": "link",
    "visible": true,
    "aria_label": null
  },
  {
    "ai_id": 15,
    "tag": "a",
    "text": "Wikipedia",
    "type": "link",
    "visible": true,
    "aria_label": null
  },
  {
    "ai_id": 16,
    "tag": "a",
    "text": "free",
    "type": "link",
    "visible": true,
    "aria_label": null
  },
  {
    "ai_id": 17,
    "tag": "a",
    "text": "encyclopedia",
    "type": "link",
    "visible": true,
    "aria_label": null
  },
  {
    "ai_id": 18,
    "tag": "a",
    "text": "anyone can edit",
    "type": "link",
    "visible": true,
    "aria_label": null
  },
  {
    "ai_id": 19,
    "tag": "a",
    "text": "278,786",
    "type": "link",
    "visible": true,
    "aria_label": null
  },
  {
    "ai_id": 20,
    "tag": "a",
    "text": "7,097,735",
    "type": "link",
    "visible": true,
    "aria_label": null
  },
  {
    "ai_id": 21,
    "tag": "a",
    "text": "English",
    "type": "link",
    "visible": true,
    "aria_label": null
  },
  {
    "ai_id": 22,
    "tag": "a",
    "text": "",
    "type": "link",
    "visible": true,
    "aria_label": null
  },
  {
    "ai_id": 23,
    "tag": "a",
    "text": "KEXP-FM",
    "type": "link",
    "visible": true,
    "aria_label": null
  },
  {
    "ai_id": 24,
    "tag": "a",
    "text": "FM",
    "type": "link",
    "visible": true,
    "aria_label": null
  },
  {
    "ai_id": 25,
    "tag": "a",
    "text": "radio station",
    "type": "link",
    "visible": true,
    "aria_label": null
  },
  {
    "ai_id": 26,
    "tag": "a",
    "text": "Seattle, Washington",
    "type": "link",
    "visible": true,
    "aria_label": null
  },
  {
    "ai_id": 27,
    "tag": "a",
    "text": "indie music",
    "type": "link",
    "visible": true,
    "aria_label": null
  },
  {
    "ai_id": 28,
    "tag": "a",
    "text": "disc jockeys",
    "type": "link",
    "visible": true,
    "aria_label": null
  },
  {
    "ai_id": 29,
    "tag": "a",
    "text": "Seattle Center",
    "type": "link",
    "visible": true,
    "aria_label": null
  },
  {
    "ai_id": 30,
    "tag": "a",
    "text": "Capitol Hill",
    "type": "link",
    "visible": true,
    "aria_label": null
  },
  {
    "ai_id": 31,
    "tag": "a",
    "text": "non-profit entity",
    "type": "link",
    "visible": true,
    "aria_label": null
  },
  {
    "ai_id": 32,
    "tag": "a",
    "text": "University of Washington",
    "type": "link",
    "visible": true,
    "aria_label": null
  },
  {
    "ai_id": 33,
    "tag": "a",
    "text": "Alameda, California",
    "type": "link",
    "visible": true,
    "aria_label": null
  },
  {
    "ai_id": 34,
    "tag": "a",
    "text": "KEXC",
    "type": "link",
    "visible": true,
    "aria_label": null
  },
  {
    "ai_id": 35,
    "tag": "a",
    "text": "San Francisco Bay Area",
    "type": "link",
    "visible": true,
    "aria_label": null
  },
  {
    "ai_id": 36,
    "tag": "a",
    "text": "variety mix",
    "type": "link",
    "visible": true,
    "aria_label": null
  },
  {
    "ai_id": 37,
    "tag": "a",
    "text": "alternative rock",
    "type": "link",
    "visible": true,
    "aria_label": null
  },
  {
    "ai_id": 38,
    "tag": "a",
    "text": "grunge",
    "type": "link",
    "visible": true,
    "aria_label": null
  },
  {
    "ai_id": 39,
    "tag": "a",
    "text": "Nirvana",
    "type": "link",
    "visible": true,
    "aria_label": null
  },
  {
    "ai_id": 40,
    "tag": "a",
    "text": "Soundgarden",
    "type": "link",
    "visible": true,
    "aria_label": null
  },
  {
    "ai_id": 41,
    "tag": "a",
    "text": "FCC",
    "type": "link",
    "visible": true,
    "aria_label": null
  },
  {
    "ai_id": 42,
    "tag": "a",
    "text": "Full\u00a0article...",
    "type": "link",
    "visible": true,
    "aria_label": null
  },
  {
    "ai_id": 43,
    "tag": "a",
    "text": "Appaloosa",
    "type": "link",
    "visible": true,
    "aria_label": null
  },
  {
    "ai_id": 44,
    "tag": "a",
    "text": "Freedom from Want",
    "type": "link",
    "visible": true,
    "aria_label": null
  },
  {
    "ai_id": 45,
    "tag": "a",
    "text": "Terry Griffiths",
    "type": "link",
    "visible": true,
    "aria_label": null
  },
  {
    "ai_id": 46,
    "tag": "a",
    "text": "Archive",
    "type": "link",
    "visible": true,
    "aria_label": null
  },
  {
    "ai_id": 47,
    "tag": "a",
    "text": "By email",
    "type": "link",
    "visible": true,
    "aria_label": null
  },
  {
    "ai_id": 48,
    "tag": "a",
    "text": "More featured articles",
    "type": "link",
    "visible": true,
    "aria_label": null
  },
  {
    "ai_id": 49,
    "tag": "a",
    "text": "About",
    "type": "link",
    "visible": true,
    "aria_label": null
  },
  {
    "ai_id": 50,
    "tag": "a",
    "text": "",
    "type": "link",
    "visible": true,
    "aria_label": null
  },
  {
    "ai_id": 51,
    "tag": "a",
    "text": "aesthetics",
    "type": "link",
    "visible": true,
    "aria_label": null
  },
  {
    "ai_id": 52,
    "tag": "a",
    "text": "mind control is a popular trope",
    "type": "link",
    "visible": true,
    "aria_label": null
  },
  {
    "ai_id": 53,
    "tag": "a",
    "text": "an AI-generated country music artist",
    "type": "link",
    "visible": true,
    "aria_label": null
  },
  {
    "ai_id": 54,
    "tag": "a",
    "text": "Fran\u00e7ois Gagnon",
    "type": "link",
    "visible": true,
    "aria_label": null
  },
  {
    "ai_id": 55,
    "tag": "a",
    "text": "Monroe Canyon Fire",
    "type": "link",
    "visible": true,
    "aria_label": null
  },
  {
    "ai_id": 56,
    "tag": "a",
    "text": "J\u00e1n Nagy",
    "type": "link",
    "visible": true,
    "aria_label": null
  },
  {
    "ai_id": 57,
    "tag": "a",
    "text": "Archives of the Impossible",
    "type": "link",
    "visible": true,
    "aria_label": null
  },
  {
    "ai_id": 58,
    "tag": "a",
    "text": "special collection",
    "type": "link",
    "visible": true,
    "aria_label": null
  },
  {
    "ai_id": 59,
    "tag": "a",
    "text": "Ambam the gorilla",
    "type": "link",
    "visible": true,
    "aria_label": null
  },
  {
    "ai_id": 60,
    "tag": "a",
    "text": "Alvin Kass",
    "type": "link",
    "visible": true,
    "aria_label": null
  },
  {
    "ai_id": 61,
    "tag": "a",
    "text": "Archive",
    "type": "link",
    "visible": true,
    "aria_label": null
  },
  {
    "ai_id": 62,
    "tag": "a",
    "text": "Start a new article",
    "type": "link",
    "visible": true,
    "aria_label": null
  },
  {
    "ai_id": 63,
    "tag": "a",
    "text": "Nominate an article",
    "type": "link",
    "visible": true,
    "aria_label": null
  },
  {
    "ai_id": 64,
    "tag": "a",
    "text": "",
    "type": "link",
    "visible": true,
    "aria_label": null
  },
  {
    "ai_id": 65,
    "tag": "a",
    "text": "An apartment complex fire",
    "type": "link",
    "visible": true,
    "aria_label": null
  },
  {
    "ai_id": 66,
    "tag": "a",
    "text": "a military coup",
    "type": "link",
    "visible": true,
    "aria_label": null
  },
  {
    "ai_id": 67,
    "tag": "a",
    "text": "Umaro Sissoco Embal\u00f3",
    "type": "link",
    "visible": true,
    "aria_label": null
  },
  {
    "ai_id": 68,
    "tag": "a",
    "text": "Horta Inta-A Na Man",
    "type": "link",
    "visible": true,
    "aria_label": null
  },
  {
    "ai_id": 69,
    "tag": "a",
    "text": "Cyclone Senyar",
    "type": "link",
    "visible": true,
    "aria_label": null
  },
  {
    "ai_id": 70,
    "tag": "a",
    "text": "Gaza war",
    "type": "link",
    "visible": true,
    "aria_label": null
  },
  {
    "ai_id": 71,
    "tag": "a",
    "text": "timeline",
    "type": "link",
    "visible": true,
    "aria_label": null
  },
  {
    "ai_id": 72,
    "tag": "a",
    "text": "genocide",
    "type": "link",
    "visible": true,
    "aria_label": null
  },
  {
    "ai_id": 73,
    "tag": "a",
    "text": "Russo-Ukrainian war",
    "type": "link",
    "visible": true,
    "aria_label": null
  },
  {
    "ai_id": 74,
    "tag": "a",
    "text": "timeline",
    "type": "link",
    "visible": true,
    "aria_label": null
  },
  {
    "ai_id": 75,
    "tag": "a",
    "text": "Sudanese civil war",
    "type": "link",
    "visible": true,
    "aria_label": null
  },
  {
    "ai_id": 76,
    "tag": "a",
    "text": "timeline",
    "type": "link",
    "visible": true,
    "aria_label": null
  },
  {
    "ai_id": 77,
    "tag": "a",
    "text": "massacre",
    "type": "link",
    "visible": true,
    "aria_label": null
  },
  {
    "ai_id": 78,
    "tag": "a",
    "text": "Recent deaths",
    "type": "link",
    "visible": true,
    "aria_label": null
  },
  {
    "ai_id": 79,
    "tag": "a",
    "text": "Gondoo U Thein Naing",
    "type": "link",
    "visible": true,
    "aria_label": null
  },
  {
    "ai_id": 80,
    "tag": "a",
    "text": "Ko Lay Inwa Gonyi",
    "type": "link",
    "visible": true,
    "aria_label": null
  },
  {
    "ai_id": 81,
    "tag": "a",
    "text": "Lorenzo Buffon",
    "type": "link",
    "visible": true,
    "aria_label": null
  },
  {
    "ai_id": 82,
    "tag": "a",
    "text": "Dharmendra",
    "type": "link",
    "visible": true,
    "aria_label": null
  },
  {
    "ai_id": 83,
    "tag": "a",
    "text": "Ruth Kiew",
    "type": "link",
    "visible": true,
    "aria_label": null
  },
  {
    "ai_id": 84,
    "tag": "a",
    "text": "Haytham Ali Tabatabai",
    "type": "link",
    "visible": true,
    "aria_label": null
  },
  {
    "ai_id": 85,
    "tag": "a",
    "text": "More current events",
    "type": "link",
    "visible": true,
    "aria_label": null
  },
  {
    "ai_id": 86,
    "tag": "a",
    "text": "Nominate an article",
    "type": "link",
    "visible": true,
    "aria_label": null
  },
  {
    "ai_id": 87,
    "tag": "a",
    "text": "November 29",
    "type": "link",
    "visible": true,
    "aria_label": null
  },
  {
    "ai_id": 88,
    "tag": "a",
    "text": "Liberation Day",
    "type": "link",
    "visible": true,
    "aria_label": null
  },
  {
    "ai_id": 89,
    "tag": "a",
    "text": "",
    "type": "link",
    "visible": true,
    "aria_label": null
  },
  {
    "ai_id": 90,
    "tag": "a",
    "text": "1854",
    "type": "link",
    "visible": true,
    "aria_label": null
  },
  {
    "ai_id": 91,
    "tag": "a",
    "text": "Eureka Flag",
    "type": "link",
    "visible": true,
    "aria_label": null
  },
  {
    "ai_id": 92,
    "tag": "a",
    "text": "Eureka Rebellion",
    "type": "link",
    "visible": true,
    "aria_label": null
  },
  {
    "ai_id": 93,
    "tag": "a",
    "text": "Ballarat",
    "type": "link",
    "visible": true,
    "aria_label": null
  },
  {
    "ai_id": 94,
    "tag": "a",
    "text": "1890",
    "type": "link",
    "visible": true,
    "aria_label": null
  },
  {
    "ai_id": 95,
    "tag": "a",
    "text": "National Diet",
    "type": "link",
    "visible": true,
    "aria_label": null
  },
  {
    "ai_id": 96,
    "tag": "a",
    "text": "bicameral legislature",
    "type": "link",
    "visible": true,
    "aria_label": null
  },
  {
    "ai_id": 97,
    "tag": "a",
    "text": "Reichstag",
    "type": "link",
    "visible": true,
    "aria_label": null
  },
  {
    "ai_id": 98,
    "tag": "a",
    "text": "Westminster system",
    "type": "link",
    "visible": true,
    "aria_label": null
  },
  {
    "ai_id": 99,
    "tag": "a",
    "text": "1947",
    "type": "link",
    "visible": true,
    "aria_label": null
  },
  {
    "ai_id": 100,
    "tag": "a",
    "text": "United Nations General Assembly",
    "type": "link",
    "visible": true,
    "aria_label": null
  },
  {
    "ai_id": 101,
    "tag": "a",
    "text": "Partition Plan for Palestine",
    "type": "link",
    "visible": true,
    "aria_label": null
  },
  {
    "ai_id": 102,
    "tag": "a",
    "text": "Arab\u2013Israeli conflict",
    "type": "link",
    "visible": true,
    "aria_label": null
  },
  {
    "ai_id": 103,
    "tag": "a",
    "text": "Mandatory Palestine",
    "type": "link",
    "visible": true,
    "aria_label": null
  },
  {
    "ai_id": 104,
    "tag": "a",
    "text": "1982",
    "type": "link",
    "visible": true,
    "aria_label": null
  },
  {
    "ai_id": 105,
    "tag": "a",
    "text": "Michael Jackson",
    "type": "link",
    "visible": true,
    "aria_label": null
  },
  {
    "ai_id": 106,
    "tag": "a",
    "text": "Thriller",
    "type": "link",
    "visible": true,
    "aria_label": null
  },
  {
    "ai_id": 107,
    "tag": "a",
    "text": "best-selling album of all time",
    "type": "link",
    "visible": true,
    "aria_label": null
  },
  {
    "ai_id": 108,
    "tag": "a",
    "text": "2007",
    "type": "link",
    "visible": true,
    "aria_label": null
  },
  {
    "ai_id": 109,
    "tag": "a",
    "text": "Oakwood mutiny",
    "type": "link",
    "visible": true,
    "aria_label": null
  },
  {
    "ai_id": 110,
    "tag": "a",
    "text": "Antonio Trillanes",
    "type": "link",
    "visible": true,
    "aria_label": null
  },
  {
    "ai_id": 111,
    "tag": "a",
    "text": "mutinied and seized a conference room",
    "type": "link",
    "visible": true,
    "aria_label": null
  },
  {
    "ai_id": 112,
    "tag": "a",
    "text": "The Peninsula Manila",
    "type": "link",
    "visible": true,
    "aria_label": null
  },
  {
    "ai_id": 113,
    "tag": "a",
    "text": "Makati",
    "type": "link",
    "visible": true,
    "aria_label": null
  },
  {
    "ai_id": 114,
    "tag": "a",
    "text": "Claudio Monteverdi",
    "type": "link",
    "visible": true,
    "aria_label": null
  },
  {
    "ai_id": 115,
    "tag": "a",
    "text": "C. S. Lewis",
    "type": "link",
    "visible": true,
    "aria_label": null
  },
  {
    "ai_id": 116,
    "tag": "a",
    "text": "Abdullah Cevdet",
    "type": "link",
    "visible": true,
    "aria_label": null
  },
  {
    "ai_id": 117,
    "tag": "a",
    "text": "Janet Smith",
    "type": "link",
    "visible": true,
    "aria_label": null
  },
  {
    "ai_id": 118,
    "tag": "a",
    "text": "November 28",
    "type": "link",
    "visible": true,
    "aria_label": null
  },
  {
    "ai_id": 119,
    "tag": "a",
    "text": "November 29",
    "type": "link",
    "visible": true,
    "aria_label": null
  },
  {
    "ai_id": 120,
    "tag": "a",
    "text": "November 30",
    "type": "link",
    "visible": true,
    "aria_label": null
  },
  {
    "ai_id": 121,
    "tag": "a",
    "text": "Archive",
    "type": "link",
    "visible": true,
    "aria_label": null
  },
  {
    "ai_id": 122,
    "tag": "a",
    "text": "By email",
    "type": "link",
    "visible": true,
    "aria_label": null
  },
  {
    "ai_id": 123,
    "tag": "a",
    "text": "List of days of the year",
    "type": "link",
    "visible": true,
    "aria_label": null
  },
  {
    "ai_id": 124,
    "tag": "a",
    "text": "About",
    "type": "link",
    "visible": true,
    "aria_label": null
  },
  {
    "ai_id": 125,
    "tag": "a",
    "text": "",
    "type": "link",
    "visible": true,
    "aria_label": null
  },
  {
    "ai_id": 126,
    "tag": "a",
    "text": "many-worlds interpretation",
    "type": "link",
    "visible": true,
    "aria_label": null
  },
  {
    "ai_id": 127,
    "tag": "a",
    "text": "quantum mechanics",
    "type": "link",
    "visible": true,
    "aria_label": null
  },
  {
    "ai_id": 128,
    "tag": "a",
    "text": "reality",
    "type": "link",
    "visible": true,
    "aria_label": null
  },
  {
    "ai_id": 129,
    "tag": "a",
    "text": "universal wavefunction",
    "type": "link",
    "visible": true,
    "aria_label": null
  },
  {
    "ai_id": 130,
    "tag": "a",
    "text": "objectively real",
    "type": "link",
    "visible": true,
    "aria_label": null
  },
  {
    "ai_id": 131,
    "tag": "a",
    "text": "wave function collapse",
    "type": "link",
    "visible": true,
    "aria_label": null
  },
  {
    "ai_id": 132,
    "tag": "a",
    "text": "possible",
    "type": "link",
    "visible": true,
    "aria_label": null
  },
  {
    "ai_id": 133,
    "tag": "a",
    "text": "interpretations of quantum mechanics",
    "type": "link",
    "visible": true,
    "aria_label": null
  },
  {
    "ai_id": 134,
    "tag": "a",
    "text": "deterministic",
    "type": "link",
    "visible": true,
    "aria_label": null
  },
  {
    "ai_id": 135,
    "tag": "a",
    "text": "local",
    "type": "link",
    "visible": true,
    "aria_label": null
  },
  {
    "ai_id": 136,
    "tag": "a",
    "text": "Hugh Everett",
    "type": "link",
    "visible": true,
    "aria_label": null
  },
  {
    "ai_id": 137,
    "tag": "a",
    "text": "Bryce DeWitt",
    "type": "link",
    "visible": true,
    "aria_label": null
  },
  {
    "ai_id": 138,
    "tag": "a",
    "text": "Schr\u00f6dinger's cat",
    "type": "link",
    "visible": true,
    "aria_label": null
  },
  {
    "ai_id": 139,
    "tag": "a",
    "text": "thought experiment",
    "type": "link",
    "visible": true,
    "aria_label": null
  },
  {
    "ai_id": 140,
    "tag": "a",
    "text": "quantum superposition",
    "type": "link",
    "visible": true,
    "aria_label": null
  },
  {
    "ai_id": 141,
    "tag": "a",
    "text": "film stock",
    "type": "link",
    "visible": true,
    "aria_label": null
  },
  {
    "ai_id": 142,
    "tag": "a",
    "text": "multiverse",
    "type": "link",
    "visible": true,
    "aria_label": null
  },
  {
    "ai_id": 143,
    "tag": "a",
    "text": "Christian Schirm",
    "type": "link",
    "visible": true,
    "aria_label": null
  },
  {
    "ai_id": 144,
    "tag": "a",
    "text": "Rock hyrax",
    "type": "link",
    "visible": true,
    "aria_label": null
  },
  {
    "ai_id": 145,
    "tag": "a",
    "text": "1884 United States presidential election",
    "type": "link",
    "visible": true,
    "aria_label": null
  },
  {
    "ai_id": 146,
    "tag": "a",
    "text": "Basilica of Superga",
    "type": "link",
    "visible": true,
    "aria_label": null
  },
  {
    "ai_id": 147,
    "tag": "a",
    "text": "Archive",
    "type": "link",
    "visible": true,
    "aria_label": null
  },
  {
    "ai_id": 148,
    "tag": "a",
    "text": "More featured pictures",
    "type": "link",
    "visible": true,
    "aria_label": null
  },
  {
    "ai_id": 149,
    "tag": "a",
    "text": "Community portal",
    "type": "link",
    "visible": true,
    "aria_label": null
  },
  {
    "ai_id": 150,
    "tag": "a",
    "text": "Village pump",
    "type": "link",
    "visible": true,
    "aria_label": null
  },
  {
    "ai_id": 151,
    "tag": "a",
    "text": "Site news",
    "type": "link",
    "visible": true,
    "aria_label": null
  },
  {
    "ai_id": 152,
    "tag": "a",
    "text": "Teahouse",
    "type": "link",
    "visible": true,
    "aria_label": null
  },
  {
    "ai_id": 153,
    "tag": "a",
    "text": "Help desk",
    "type": "link",
    "visible": true,
    "aria_label": null
  },
  {
    "ai_id": 154,
    "tag": "a",
    "text": "Reference desk",
    "type": "link",
    "visible": true,
    "aria_label": null
  },
  {
    "ai_id": 155,
    "tag": "a",
    "text": "Content portals",
    "type": "link",
    "visible": true,
    "aria_label": null
  },
  {
    "ai_id": 156,
    "tag": "a",
    "text": "Wikimedia Foundation",
    "type": "link",
    "visible": true,
    "aria_label": null
  },
  {
    "ai_id": 157,
    "tag": "a",
    "text": "projects",
    "type": "link",
    "visible": true,
    "aria_label": null
  },
  {
    "ai_id": 158,
    "tag": "a",
    "text": "",
    "type": "link",
    "visible": true,
    "aria_label": null
  },
  {
    "ai_id": 159,
    "tag": "a",
    "text": "Commons",
    "type": "link",
    "visible": true,
    "aria_label": null
  },
  {
    "ai_id": 160,
    "tag": "a",
    "text": "",
    "type": "link",
    "visible": true,
    "aria_label": null
  },
  {
    "ai_id": 161,
    "tag": "a",
    "text": "MediaWiki",
    "type": "link",
    "visible": true,
    "aria_label": null
  },
  {
    "ai_id": 162,
    "tag": "a",
    "text": "",
    "type": "link",
    "visible": true,
    "aria_label": null
  },
  {
    "ai_id": 163,
    "tag": "a",
    "text": "Meta-Wiki",
    "type": "link",
    "visible": true,
    "aria_label": null
  },
  {
    "ai_id": 164,
    "tag": "a",
    "text": "",
    "type": "link",
    "visible": true,
    "aria_label": null
  },
  {
    "ai_id": 165,
    "tag": "a",
    "text": "Wikibooks",
    "type": "link",
    "visible": true,
    "aria_label": null
  },
  {
    "ai_id": 166,
    "tag": "a",
    "text": "",
    "type": "link",
    "visible": true,
    "aria_label": null
  },
  {
    "ai_id": 167,
    "tag": "a",
    "text": "Wikidata",
    "type": "link",
    "visible": true,
    "aria_label": null
  },
  {
    "ai_id": 168,
    "tag": "a",
    "text": "",
    "type": "link",
    "visible": true,
    "aria_label": null
  },
  {
    "ai_id": 169,
    "tag": "a",
    "text": "Wikinews",
    "type": "link",
    "visible": true,
    "aria_label": null
  },
  {
    "ai_id": 170,
    "tag": "a",
    "text": "",
    "type": "link",
    "visible": true,
    "aria_label": null
  },
  {
    "ai_id": 171,
    "tag": "a",
    "text": "Wikiquote",
    "type": "link",
    "visible": true,
    "aria_label": null
  },
  {
    "ai_id": 172,
    "tag": "a",
    "text": "",
    "type": "link",
    "visible": true,
    "aria_label": null
  },
  {
    "ai_id": 173,
    "tag": "a",
    "text": "Wikisource",
    "type": "link",
    "visible": true,
    "aria_label": null
  },
  {
    "ai_id": 174,
    "tag": "a",
    "text": "",
    "type": "link",
    "visible": true,
    "aria_label": null
  },
  {
    "ai_id": 175,
    "tag": "a",
    "text": "Wikispecies",
    "type": "link",
    "visible": true,
    "aria_label": null
  },
  {
    "ai_id": 176,
    "tag": "a",
    "text": "",
    "type": "link",
    "visible": true,
    "aria_label": null
  },
  {
    "ai_id": 177,
    "tag": "a",
    "text": "Wikiversity",
    "type": "link",
    "visible": true,
    "aria_label": null
  },
  {
    "ai_id": 178,
    "tag": "a",
    "text": "",
    "type": "link",
    "visible": true,
    "aria_label": null
  },
  {
    "ai_id": 179,
    "tag": "a",
    "text": "Wikivoyage",
    "type": "link",
    "visible": true,
    "aria_label": null
  },
  {
    "ai_id": 180,
    "tag": "a",
    "text": "",
    "type": "link",
    "visible": true,
    "aria_label": null
  },
  {
    "ai_id": 181,
    "tag": "a",
    "text": "Wiktionary",
    "type": "link",
    "visible": true,
    "aria_label": null
  },
  {
    "ai_id": 182,
    "tag": "a",
    "text": "English",
    "type": "link",
    "visible": true,
    "aria_label": null
  },
  {
    "ai_id": 183,
    "tag": "a",
    "text": "other Wikipedias are available",
    "type": "link",
    "visible": true,
    "aria_label": null
  },
  {
    "ai_id": 184,
    "tag": "a",
    "text": "\u0627\u0644\u0639\u0631\u0628\u064a\u0629",
    "type": "link",
    "visible": true,
    "aria_label": null
  },
  {
    "ai_id": 185,
    "tag": "a",
    "text": "Deutsch",
    "type": "link",
    "visible": true,
    "aria_label": null
  },
  {
    "ai_id": 186,
    "tag": "a",
    "text": "Espa\u00f1ol",
    "type": "link",
    "visible": true,
    "aria_label": null
  },
  {
    "ai_id": 187,
    "tag": "a",
    "text": "\u0641\u0627\u0631\u0633\u06cc",
    "type": "link",
    "visible": true,
    "aria_label": null
  },
  {
    "ai_id": 188,
    "tag": "a",
    "text": "Fran\u00e7ais",
    "type": "link",
    "visible": true,
    "aria_label": null
  },
  {
    "ai_id": 189,
    "tag": "a",
    "text": "Italiano",
    "type": "link",
    "visible": true,
    "aria_label": null
  },
  {
    "ai_id": 190,
    "tag": "a",
    "text": "Nederlands",
    "type": "link",
    "visible": true,
    "aria_label": null
  },
  {
    "ai_id": 191,
    "tag": "a",
    "text": "\u65e5\u672c\u8a9e",
    "type": "link",
    "visible": true,
    "aria_label": null
  },
  {
    "ai_id": 192,
    "tag": "a",
    "text": "Polski",
    "type": "link",
    "visible": true,
    "aria_label": null
  },
  {
    "ai_id": 193,
    "tag": "a",
    "text": "Portugu\u00eas",
    "type": "link",
    "visible": true,
    "aria_label": null
  },
  {
    "ai_id": 194,
    "tag": "a",
    "text": "\u0420\u0443\u0441\u0441\u043a\u0438\u0439",
    "type": "link",
    "visible": true,
    "aria_label": null
  },
  {
    "ai_id": 195,
    "tag": "a",
    "text": "Svenska",
    "type": "link",
    "visible": true,
    "aria_label": null
  },
  {
    "ai_id": 196,
    "tag": "a",
    "text": "\u0423\u043a\u0440\u0430\u0457\u043d\u0441\u044c\u043a\u0430",
    "type": "link",
    "visible": true,
    "aria_label": null
  },
  {
    "ai_id": 197,
    "tag": "a",
    "text": "Ti\u1ebfng Vi\u1ec7t",
    "type": "link",
    "visible": true,
    "aria_label": null
  },
  {
    "ai_id": 198,
    "tag": "a",
    "text": "\u4e2d\u6587",
    "type": "link",
    "visible": true,
    "aria_label": null
  },
  {
    "ai_id": 199,
    "tag": "a",
    "text": "Bahasa Indonesia",
    "type": "link",
    "visible": true,
    "aria_label": null
  },
  {
    "ai_id": 200,
    "tag": "a",
    "text": "Bahasa Melayu",
    "type": "link",
    "visible": true,
    "aria_label": null
  },
  {
    "ai_id": 201,
    "tag": "a",
    "text": "B\u00e2n-l\u00e2m-g\u00fa",
    "type": "link",
    "visible": true,
    "aria_label": null
  },
  {
    "ai_id": 202,
    "tag": "a",
    "text": "\u0411\u044a\u043b\u0433\u0430\u0440\u0441\u043a\u0438",
    "type": "link",
    "visible": true,
    "aria_label": null
  },
  {
    "ai_id": 203,
    "tag": "a",
    "text": "Catal\u00e0",
    "type": "link",
    "visible": true,
    "aria_label": null
  },
  {
    "ai_id": 204,
    "tag": "a",
    "text": "\u010ce\u0161tina",
    "type": "link",
    "visible": true,
    "aria_label": null
  },
  {
    "ai_id": 205,
    "tag": "a",
    "text": "Dansk",
    "type": "link",
    "visible": true,
    "aria_label": null
  },
  {
    "ai_id": 206,
    "tag": "a",
    "text": "Eesti",
    "type": "link",
    "visible": true,
    "aria_label": null
  },
  {
    "ai_id": 207,
    "tag": "a",
    "text": "\u0395\u03bb\u03bb\u03b7\u03bd\u03b9\u03ba\u03ac",
    "type": "link",
    "visible": true,
    "aria_label": null
  },
  {
    "ai_id": 208,
    "tag": "a",
    "text": "Esperanto",
    "type": "link",
    "visible": true,
    "aria_label": null
  },
  {
    "ai_id": 209,
    "tag": "a",
    "text": "Euskara",
    "type": "link",
    "visible": true,
    "aria_label": null
  },
  {
    "ai_id": 210,
    "tag": "a",
    "text": "\u05e2\u05d1\u05e8\u05d9\u05ea",
    "type": "link",
    "visible": true,
    "aria_label": null
  },
  {
    "ai_id": 211,
    "tag": "a",
    "text": "\u0540\u0561\u0575\u0565\u0580\u0565\u0576",
    "type": "link",
    "visible": true,
    "aria_label": null
  },
  {
    "ai_id": 212,
    "tag": "a",
    "text": "\ud55c\uad6d\uc5b4",
    "type": "link",
    "visible": true,
    "aria_label": null
  },
  {
    "ai_id": 213,
    "tag": "a",
    "text": "Magyar",
    "type": "link",
    "visible": true,
    "aria_label": null
  },
  {
    "ai_id": 214,
    "tag": "a",
    "text": "Norsk bokm\u00e5l",
    "type": "link",
    "visible": true,
    "aria_label": null
  },
  {
    "ai_id": 215,
    "tag": "a",
    "text": "Rom\u00e2n\u0103",
    "type": "link",
    "visible": true,
    "aria_label": null
  },
  {
    "ai_id": 216,
    "tag": "a",
    "text": "Simple English",
    "type": "link",
    "visible": true,
    "aria_label": null
  },
  {
    "ai_id": 217,
    "tag": "a",
    "text": "Sloven\u010dina",
    "type": "link",
    "visible": true,
    "aria_label": null
  },
  {
    "ai_id": 218,
    "tag": "a",
    "text": "Srpski",
    "type": "link",
    "visible": true,
    "aria_label": null
  },
  {
    "ai_id": 219,
    "tag": "a",
    "text": "Srpskohrvatski",
    "type": "link",
    "visible": true,
    "aria_label": null
  },
  {
    "ai_id": 220,
    "tag": "a",
    "text": "Suomi",
    "type": "link",
    "visible": true,
    "aria_label": null
  },
  {
    "ai_id": 221,
    "tag": "a",
    "text": "T\u00fcrk\u00e7e",
    "type": "link",
    "visible": true,
    "aria_label": null
  },
  {
    "ai_id": 222,
    "tag": "a",
    "text": "O\u02bbzbekcha",
    "type": "link",
    "visible": true,
    "aria_label": null
  },
  {
    "ai_id": 223,
    "tag": "a",
    "text": "Asturianu",
    "type": "link",
    "visible": true,
    "aria_label": null
  },
  {
    "ai_id": 224,
    "tag": "a",
    "text": "Az\u0259rbaycanca",
    "type": "link",
    "visible": true,
    "aria_label": null
  },
  {
    "ai_id": 225,
    "tag": "a",
    "text": "\u09ac\u09be\u0982\u09b2\u09be",
    "type": "link",
    "visible": true,
    "aria_label": null
  },
  {
    "ai_id": 226,
    "tag": "a",
    "text": "Bosanski",
    "type": "link",
    "visible": true,
    "aria_label": null
  },
  {
    "ai_id": 227,
    "tag": "a",
    "text": "\u06a9\u0648\u0631\u062f\u06cc",
    "type": "link",
    "visible": true,
    "aria_label": null
  },
  {
    "ai_id": 228,
    "tag": "a",
    "text": "Frysk",
    "type": "link",
    "visible": true,
    "aria_label": null
  },
  {
    "ai_id": 229,
    "tag": "a",
    "text": "Gaeilge",
    "type": "link",
    "visible": true,
    "aria_label": null
  },
  {
    "ai_id": 230,
    "tag": "a",
    "text": "Galego",
    "type": "link",
    "visible": true,
    "aria_label": null
  },
  {
    "ai_id": 231,
    "tag": "a",
    "text": "Hrvatski",
    "type": "link",
    "visible": true,
    "aria_label": null
  },
  {
    "ai_id": 232,
    "tag": "a",
    "text": "\u10e5\u10d0\u10e0\u10d7\u10e3\u10da\u10d8",
    "type": "link",
    "visible": true,
    "aria_label": null
  },
  {
    "ai_id": 233,
    "tag": "a",
    "text": "Kurd\u00ee",
    "type": "link",
    "visible": true,
    "aria_label": null
  },
  {
    "ai_id": 234,
    "tag": "a",
    "text": "Latvie\u0161u",
    "type": "link",
    "visible": true,
    "aria_label": null
  },
  {
    "ai_id": 235,
    "tag": "a",
    "text": "Lietuvi\u0173",
    "type": "link",
    "visible": true,
    "aria_label": null
  },
  {
    "ai_id": 236,
    "tag": "a",
    "text": "\u0d2e\u0d32\u0d2f\u0d3e\u0d33\u0d02",
    "type": "link",
    "visible": true,
    "aria_label": null
  },
  {
    "ai_id": 237,
    "tag": "a",
    "text": "\u041c\u0430\u043a\u0435\u0434\u043e\u043d\u0441\u043a\u0438",
    "type": "link",
    "visible": true,
    "aria_label": null
  },
  {
    "ai_id": 238,
    "tag": "a",
    "text": "\u1019\u103c\u1014\u103a\u1019\u102c\u1018\u102c\u101e\u102c",
    "type": "link",
    "visible": true,
    "aria_label": null
  },
  {
    "ai_id": 239,
    "tag": "a",
    "text": "Norsk nynorsk",
    "type": "link",
    "visible": true,
    "aria_label": null
  },
  {
    "ai_id": 240,
    "tag": "a",
    "text": "\u0a2a\u0a70\u0a1c\u0a3e\u0a2c\u0a40",
    "type": "link",
    "visible": true,
    "aria_label": null
  },
  {
    "ai_id": 241,
    "tag": "a",
    "text": "Shqip",
    "type": "link",
    "visible": true,
    "aria_label": null
  },
  {
    "ai_id": 242,
    "tag": "a",
    "text": "Sloven\u0161\u010dina",
    "type": "link",
    "visible": true,
    "aria_label": null
  },
  {
    "ai_id": 243,
    "tag": "a",
    "text": "\u0e44\u0e17\u0e22",
    "type": "link",
    "visible": true,
    "aria_label": null
  },
  {
    "ai_id": 244,
    "tag": "a",
    "text": "\u0c24\u0c46\u0c32\u0c41\u0c17\u0c41",
    "type": "link",
    "visible": true,
    "aria_label": null
  },
  {
    "ai_id": 245,
    "tag": "a",
    "text": "\u0627\u0631\u062f\u0648",
    "type": "link",
    "visible": true,
    "aria_label": null
  },
  {
    "ai_id": 246,
    "tag": "a",
    "text": "Creative Commons Attribution-ShareAlike 4.0 License",
    "type": "link",
    "visible": true,
    "aria_label": null
  },
  {
    "ai_id": 247,
    "tag": "a",
    "text": "Terms of Use",
    "type": "link",
    "visible": true,
    "aria_label": null
  },
  {
    "ai_id": 248,
    "tag": "a",
    "text": "Privacy Policy",
    "type": "link",
    "visible": true,
    "aria_label": null
  },
  {
    "ai_id": 249,
    "tag": "a",
    "text": "Wikimedia Foundation, Inc.",
    "type": "link",
    "visible": true,
    "aria_label": null
  },
  {
    "ai_id": 250,
    "tag": "a",
    "text": "Privacy policy",
    "type": "link",
    "visible": true,
    "aria_label": null
  },
  {
    "ai_id": 251,
    "tag": "a",
    "text": "About Wikipedia",
    "type": "link",
    "visible": true,
    "aria_label": null
  },
  {
    "ai_id": 252,
    "tag": "a",
    "text": "Disclaimers",
    "type": "link",
    "visible": true,
    "aria_label": null
  },
  {
    "ai_id": 253,
    "tag": "a",
    "text": "Contact Wikipedia",
    "type": "link",
    "visible": true,
    "aria_label": null
  },
  {
    "ai_id": 254,
    "tag": "a",
    "text": "Code of Conduct",
    "type": "link",
    "visible": true,
    "aria_label": null
  },
  {
    "ai_id": 255,
    "tag": "a",
    "text": "Developers",
    "type": "link",
    "visible": true,
    "aria_label": null
  },
  {
    "ai_id": 256,
    "tag": "a",
    "text": "Statistics",
    "type": "link",
    "visible": true,
    "aria_label": null
  },
  {
    "ai_id": 257,
    "tag": "a",
    "text": "Cookie statement",
    "type": "link",
    "visible": true,
    "aria_label": null
  },
  {
    "ai_id": 258,
    "tag": "a",
    "text": "Mobile view",
    "type": "link",
    "visible": true,
    "aria_label": null
  },
  {
    "ai_id": 259,
    "tag": "a",
    "text": "",
    "type": "link",
    "visible": true,
    "aria_label": null
  },
  {
    "ai_id": 260,
    "tag": "a",
    "text": "",
    "type": "link",
    "visible": true,
    "aria_label": null
  },
  {
    "ai_id": 261,
    "tag": "input",
    "text": "",
    "type": "button",
    "visible": true,
    "aria_label": "Main menu"
  },
  {
    "ai_id": 262,
    "tag": "input",
    "text": "",
    "type": "input",
    "visible": true,
    "aria_label": "Search Wikipedia"
  },
  {
    "ai_id": 263,
    "tag": "input",
    "text": "",
    "type": "button",
    "visible": true,
    "aria_label": "Tools"
  },
  {
    "ai_id": 264,
    "tag": "input",
    "text": "",
    "type": "radio",
    "visible": true,
    "aria_label": null
  },
  {
    "ai_id": 265,
    "tag": "input",
    "text": "",
    "type": "radio",
    "visible": true,
    "aria_label": null
  },
  {
    "ai_id": 266,
    "tag": "input",
    "text": "",
    "type": "radio",
    "visible": true,
    "aria_label": null
  },
  {
    "ai_id": 267,
    "tag": "input",
    "text": "",
    "type": "radio",
    "visible": true,
    "aria_label": null
  },
  {
    "ai_id": 268,
    "tag": "input",
    "text": "",
    "type": "radio",
    "visible": true,
    "aria_label": null
  },
  {
    "ai_id": 269,
    "tag": "input",
    "text": "",
    "type": "radio",
    "visible": true,
    "aria_label": null
  },
  {
    "ai_id": 270,
    "tag": "input",
    "text": "",
    "type": "radio",
    "visible": true,
    "aria_label": null
  },
  {
    "ai_id": 271,
    "tag": "input",
    "text": "",
    "type": "radio",
    "visible": true,
    "aria_label": null
  },
  {
    "ai_id": 272,
    "tag": "input",
    "text": "",
    "type": "button",
    "visible": true,
    "aria_label": "Go to an article in another language. Available in 343 languages"
  }
]