[
  {
    "ai_id": 0,
    "tag": "button",
    "text": "Search",
    "type": "button",
    "visible": true,
    "aria_label": null
  },
  {
    "ai_id": 1,
    "tag": "button",
    "text": "hide",
    "type": "button",
    "visible": true,
    "aria_label": null
  },
  {
    "ai_id": 2,
    "tag": "a",
    "text": "Jump to content",
    "type": "link",
    "visible": true,
    "aria_label": null
  },
  {
    "ai_id": 3,
    "tag": "a",
    "text": "",
    "type": "link",
    "visible": true,
    "aria_label": null
  },
  {
    "ai_id": 4,
    "tag": "a",
    "text": "Donate",
    "type": "link",
    "visible": true,
    "aria_label": null
  },
  {
    "ai_id": 5,
    "tag": "a",
    "text": "Create account",
    "type": "link",
    "visible": true,
    "aria_label": null
  },
  {
    "ai_id": 6,
    "tag": "a",
    "text": "Log in",
    "type": "link",
    "visible": true,
    "aria_label": null
  },
  {
    "ai_id": 7,
    "tag": "a",
    "text": "Main Page",
    "type": "link",
    "visible": true,
    "aria_label": null
  },
  {
    "ai_id": 8,
    "tag": "a",
    "text": "Talk",
    "type": "link",
    "visible": true,
    "aria_label": null
  },
  {
    "ai_id": 9,
    "tag": "a",
    "text": "Read",
    "type": "link",
    "visible": true,
    "aria_label": null
  },
  {
    "ai_id": 10,
    "tag": "a",
    "text": "View source",
    "type": "link",
    "visible": true,
    "aria_label": null
  },
  {
    "ai_id": 11,
    "tag": "a",
    "text": "View history",
    "type": "link",
    "visible": true,
    "aria_label": null
  },
  {
    "ai_id": 12,
    "tag": "a",
    "text": "Main Page",
    "type": "link",
    "visible": true,
    "aria_label": null
  },
  {
    "ai_id": 13,
    "tag": "a",
    "text": "transcluded",
    "type": "link",
    "visible": true,
    "aria_label": null
  },
  {
    "ai_id": 14,
    "tag": "a",
    "text": "cascade-protected",
    "type": "link",
    "visible": true,
    "aria_label": null
  },
  {
    "ai_id": 15,
    "tag": "a",
    "text": "administrators",
    "type": "link",
    "visible": true,
    "aria_label": null
  },
  {
    "ai_id": 16,
    "tag": "a",
    "text": "very highly used templates",
    "type": "link",
    "visible": true,
    "aria_label": null
  },
  {
    "ai_id": 17,
    "tag": "a",
    "text": "transcluded",
    "type": "link",
    "visible": true,
    "aria_label": null
  },
  {
    "ai_id": 18,
    "tag": "a",
    "text": "cascading",
    "type": "link",
    "visible": true,
    "aria_label": null
  },
  {
    "ai_id": 19,
    "tag": "a",
    "text": "Wikipedia:Cascade-protected items/Main Page",
    "type": "link",
    "visible": true,
    "aria_label": null
  },
  {
    "ai_id": 20,
    "tag": "a",
    "text": "Wikipedia:Cascade-protected items/Main Page/2",
    "type": "link",
    "visible": true,
    "aria_label": null
  },
  {
    "ai_id": 21,
    "tag": "a",
    "text": "Wikipedia:Cascade-protected items/Main Page/3",
    "type": "link",
    "visible": true,
    "aria_label": null
  },
  {
    "ai_id": 22,
    "tag": "a",
    "text": "Wikipedia:Cascade-protected items/Main Page/4",
    "type": "link",
    "visible": true,
    "aria_label": null
  },
  {
    "ai_id": 23,
    "tag": "a",
    "text": "Wikipedia:Cascade-protected items/Main Page/5",
    "type": "link",
    "visible": true,
    "aria_label": null
  },
  {
    "ai_id": 24,
    "tag": "a",
    "text": "Register for an account",
    "type": "link",
    "visible": true,
    "aria_label": null
  },
  {
    "ai_id": 25,
    "tag": "a",
    "text": "Sandbox",
    "type": "link",
    "visible": true,
    "aria_label": null
  },
  {
    "ai_id": 26,
    "tag": "a",
    "text": "Tutorial",
    "type": "link",
    "visible": true,
    "aria_label": null
  },
  {
    "ai_id": 27,
    "tag": "a",
    "text": "Report errors on the Main Page",
    "type": "link",
    "visible": true,
    "aria_label": null
  },
  {
    "ai_id": 28,
    "tag": "a",
    "text": "help",
    "type": "link",
    "visible": true,
    "aria_label": null
  },
  {
    "ai_id": 29,
    "tag": "a",
    "text": "Wikipedia:Main Page/Tomorrow",
    "type": "link",
    "visible": true,
    "aria_label": null
  },
  {
    "ai_id": 30,
    "tag": "a",
    "text": "view source",
    "type": "link",
    "visible": true,
    "aria_label": null
  },
  {
    "ai_id": 31,
    "tag": "a",
    "text": "Wikipedia:Main Page/styles.css",
    "type": "link",
    "visible": true,
    "aria_label": null
  },
  {
    "ai_id": 32,
    "tag": "a",
    "text": "view source",
    "type": "link",
    "visible": true,
    "aria_label": null
  },
  {
    "ai_id": 33,
    "tag": "a",
    "text": "Wikipedia:Selected anniversaries/November 29",
    "type": "link",
    "visible": true,
    "aria_label": null
  },
  {
    "ai_id": 34,
    "tag": "a",
    "text": "edit",
    "type": "link",
    "visible": true,
    "aria_label": null
  },
  {
    "ai_id": 35,
    "tag": "a",
    "text": "Wikipedia:Selected anniversaries/November 30",
    "type": "link",
    "visible": true,
    "aria_label": null
  },
  {
    "ai_id": 36,
    "tag": "a",
    "text": "edit",
    "type": "link",
    "visible": true,
    "aria_label": null
  },
  {
    "ai_id": 37,
    "tag": "a",
    "text": "Wikipedia:Today's featured article/November 29, 2025",
    "type": "link",
    "visible": true,
    "aria_label": null
  },
  {
    "ai_id": 38,
    "tag": "a",
    "text": "edit",
    "type": "link",
    "visible": true,
    "aria_label": null
  },
  {
    "ai_id": 39,
    "tag": "a",
    "text": "Wikipedia:Today's featured article/November 30, 2025",
    "type": "link",
    "visible": true,
    "aria_label": null
  },
  {
    "ai_id": 40,
    "tag": "a",
    "text": "edit",
    "type": "link",
    "visible": true,
    "aria_label": null
  },
  {
    "ai_id": 41,
    "tag": "a",
    "text": "Template:-?",
    "type": "link",
    "visible": true,
    "aria_label": null
  },
  {
    "ai_id": 42,
    "tag": "a",
    "text": "view source",
    "type": "link",
    "visible": true,
    "aria_label": null
  },
  {
    "ai_id": 43,
    "tag": "a",
    "text": "Template:Abbr",
    "type": "link",
    "visible": true,
    "aria_label": null
  },
  {
    "ai_id": 44,
    "tag": "a",
    "text": "view source",
    "type": "link",
    "visible": true,
    "aria_label": null
  },
  {
    "ai_id": 45,
    "tag": "a",
    "text": "Template:Born and died list",
    "type": "link",
    "visible": true,
    "aria_label": null
  },
  {
    "ai_id": 46,
    "tag": "a",
    "text": "view source",
    "type": "link",
    "visible": true,
    "aria_label": null
  },
  {
    "ai_id": 47,
    "tag": "a",
    "text": "Template:DYK bottom prep notice",
    "type": "link",
    "visible": true,
    "aria_label": null
  },
  {
    "ai_id": 48,
    "tag": "a",
    "text": "view source",
    "type": "link",
    "visible": true,
    "aria_label": null
  },
  {
    "ai_id": 49,
    "tag": "a",
    "text": "Template:DYKbotdo",
    "type": "link",
    "visible": true,
    "aria_label": null
  },
  {
    "ai_id": 50,
    "tag": "a",
    "text": "view source",
    "type": "link",
    "visible": true,
    "aria_label": null
  },
  {
    "ai_id": 51,
    "tag": "a",
    "text": "Template:Did you know",
    "type": "link",
    "visible": true,
    "aria_label": null
  },
  {
    "ai_id": 52,
    "tag": "a",
    "text": "view source",
    "type": "link",
    "visible": true,
    "aria_label": null
  },
  {
    "ai_id": 53,
    "tag": "a",
    "text": "Template:Did you know/Queue/4",
    "type": "link",
    "visible": true,
    "aria_label": null
  },
  {
    "ai_id": 54,
    "tag": "a",
    "text": "view source",
    "type": "link",
    "visible": true,
    "aria_label": null
  },
  {
    "ai_id": 55,
    "tag": "a",
    "text": "Template:Did you know/Queue/Next",
    "type": "link",
    "visible": true,
    "aria_label": null
  },
  {
    "ai_id": 56,
    "tag": "a",
    "text": "view source",
    "type": "link",
    "visible": true,
    "aria_label": null
  },
  {
    "ai_id": 57,
    "tag": "a",
    "text": "Template:Endflatlist",
    "type": "link",
    "visible": true,
    "aria_label": null
  },
  {
    "ai_id": 58,
    "tag": "a",
    "text": "view source",
    "type": "link",
    "visible": true,
    "aria_label": null
  },
  {
    "ai_id": 59,
    "tag": "a",
    "text": "Template:Endplainlist",
    "type": "link",
    "visible": true,
    "aria_label": null
  },
  {
    "ai_id": 60,
    "tag": "a",
    "text": "view source",
    "type": "link",
    "visible": true,
    "aria_label": null
  },
  {
    "ai_id": 61,
    "tag": "a",
    "text": "Template:Flatlist",
    "type": "link",
    "visible": true,
    "aria_label": null
  },
  {
    "ai_id": 62,
    "tag": "a",
    "text": "view source",
    "type": "link",
    "visible": true,
    "aria_label": null
  },
  {
    "ai_id": 63,
    "tag": "a",
    "text": "Template:Hlist",
    "type": "link",
    "visible": true,
    "aria_label": null
  },
  {
    "ai_id": 64,
    "tag": "a",
    "text": "view source",
    "type": "link",
    "visible": true,
    "aria_label": null
  },
  {
    "ai_id": 65,
    "tag": "a",
    "text": "Template:Hlist/styles.css",
    "type": "link",
    "visible": true,
    "aria_label": null
  },
  {
    "ai_id": 66,
    "tag": "a",
    "text": "view source",
    "type": "link",
    "visible": true,
    "aria_label": null
  },
  {
    "ai_id": 67,
    "tag": "a",
    "text": "Template:If",
    "type": "link",
    "visible": true,
    "aria_label": null
  },
  {
    "ai_id": 68,
    "tag": "a",
    "text": "view source",
    "type": "link",
    "visible": true,
    "aria_label": null
  },
  {
    "ai_id": 69,
    "tag": "a",
    "text": "Template:If empty",
    "type": "link",
    "visible": true,
    "aria_label": null
  },
  {
    "ai_id": 70,
    "tag": "a",
    "text": "view source",
    "type": "link",
    "visible": true,
    "aria_label": null
  },
  {
    "ai_id": 71,
    "tag": "a",
    "text": "Template:In string",
    "type": "link",
    "visible": true,
    "aria_label": null
  },
  {
    "ai_id": 72,
    "tag": "a",
    "text": "view source",
    "type": "link",
    "visible": true,
    "aria_label": null
  },
  {
    "ai_id": 73,
    "tag": "a",
    "text": "Template:In the news",
    "type": "link",
    "visible": true,
    "aria_label": null
  },
  {
    "ai_id": 74,
    "tag": "a",
    "text": "view source",
    "type": "link",
    "visible": true,
    "aria_label": null
  },
  {
    "ai_id": 75,
    "tag": "a",
    "text": "Template:In the news/footer",
    "type": "link",
    "visible": true,
    "aria_label": null
  },
  {
    "ai_id": 76,
    "tag": "a",
    "text": "view source",
    "type": "link",
    "visible": true,
    "aria_label": null
  },
  {
    "ai_id": 77,
    "tag": "a",
    "text": "Template:Main Page banner",
    "type": "link",
    "visible": true,
    "aria_label": null
  },
  {
    "ai_id": 78,
    "tag": "a",
    "text": "view source",
    "type": "link",
    "visible": true,
    "aria_label": null
  },
  {
    "ai_id": 79,
    "tag": "a",
    "text": "Template:Main other",
    "type": "link",
    "visible": true,
    "aria_label": null
  },
  {
    "ai_id": 80,
    "tag": "a",
    "text": "view source",
    "type": "link",
    "visible": true,
    "aria_label": null
  },
  {
    "ai_id": 81,
    "tag": "a",
    "text": "Template:Main page image",
    "type": "link",
    "visible": true,
    "aria_label": null
  },
  {
    "ai_id": 82,
    "tag": "a",
    "text": "view source",
    "type": "link",
    "visible": true,
    "aria_label": null
  },
  {
    "ai_id": 83,
    "tag": "a",
    "text": "Template:Main page image/DYK",
    "type": "link",
    "visible": true,
    "aria_label": null
  },
  {
    "ai_id": 84,
    "tag": "a",
    "text": "view source",
    "type": "link",
    "visible": true,
    "aria_label": null
  },
  {
    "ai_id": 85,
    "tag": "a",
    "text": "Template:Main page image/ITN",
    "type": "link",
    "visible": true,
    "aria_label": null
  },
  {
    "ai_id": 86,
    "tag": "a",
    "text": "view source",
    "type": "link",
    "visible": true,
    "aria_label": null
  },
  {
    "ai_id": 87,
    "tag": "a",
    "text": "Template:Main page image/ITN/styles.css",
    "type": "link",
    "visible": true,
    "aria_label": null
  },
  {
    "ai_id": 88,
    "tag": "a",
    "text": "view source",
    "type": "link",
    "visible": true,
    "aria_label": null
  },
  {
    "ai_id": 89,
    "tag": "a",
    "text": "Template:Main page image/OTD",
    "type": "link",
    "visible": true,
    "aria_label": null
  },
  {
    "ai_id": 90,
    "tag": "a",
    "text": "view source",
    "type": "link",
    "visible": true,
    "aria_label": null
  },
  {
    "ai_id": 91,
    "tag": "a",
    "text": "Template:Main page image/TFA",
    "type": "link",
    "visible": true,
    "aria_label": null
  },
  {
    "ai_id": 92,
    "tag": "a",
    "text": "view source",
    "type": "link",
    "visible": true,
    "aria_label": null
  },
  {
    "ai_id": 93,
    "tag": "a",
    "text": "Template:Mbox",
    "type": "link",
    "visible": true,
    "aria_label": null
  },
  {
    "ai_id": 94,
    "tag": "a",
    "text": "view source",
    "type": "link",
    "visible": true,
    "aria_label": null
  },
  {
    "ai_id": 95,
    "tag": "a",
    "text": "Template:Nowrap",
    "type": "link",
    "visible": true,
    "aria_label": null
  },
  {
    "ai_id": 96,
    "tag": "a",
    "text": "view source",
    "type": "link",
    "visible": true,
    "aria_label": null
  },
  {
    "ai_id": 97,
    "tag": "a",
    "text": "Template:Other areas of Wikipedia",
    "type": "link",
    "visible": true,
    "aria_label": null
  },
  {
    "ai_id": 98,
    "tag": "a",
    "text": "view source",
    "type": "link",
    "visible": true,
    "aria_label": null
  },
  {
    "ai_id": 99,
    "tag": "a",
    "text": "Template:P2",
    "type": "link",
    "visible": true,
    "aria_label": null
  },
  {
    "ai_id": 100,
    "tag": "a",
    "text": "view source",
    "type": "link",
    "visible": true,
    "aria_label": null
  },
  {
    "ai_id": 101,
    "tag": "a",
    "text": "Template:POTD protected/2025-11-29",
    "type": "link",
    "visible": true,
    "aria_label": null
  },
  {
    "ai_id": 102,
    "tag": "a",
    "text": "edit",
    "type": "link",
    "visible": true,
    "aria_label": null
  },
  {
    "ai_id": 103,
    "tag": "a",
    "text": "Template:POTD protected/2025-11-30",
    "type": "link",
    "visible": true,
    "aria_label": null
  },
  {
    "ai_id": 104,
    "tag": "a",
    "text": "edit",
    "type": "link",
    "visible": true,
    "aria_label": null
  },
  {
    "ai_id": 105,
    "tag": "a",
    "text": "Template:Plainlist",
    "type": "link",
    "visible": true,
    "aria_label": null
  },
  {
    "ai_id": 106,
    "tag": "a",
    "text": "view source",
    "type": "link",
    "visible": true,
    "aria_label": null
  },
  {
    "ai_id": 107,
    "tag": "a",
    "text": "Template:Plainlist/styles.css",
    "type": "link",
    "visible": true,
    "aria_label": null
  },
  {
    "ai_id": 108,
    "tag": "a",
    "text": "view source",
    "type": "link",
    "visible": true,
    "aria_label": null
  },
  {
    "ai_id": 109,
    "tag": "a",
    "text": "Template:SelAnnivAbbr",
    "type": "link",
    "visible": true,
    "aria_label": null
  },
  {
    "ai_id": 110,
    "tag": "a",
    "text": "view source",
    "type": "link",
    "visible": true,
    "aria_label": null
  },
  {
    "ai_id": 111,
    "tag": "a",
    "text": "Template:SelAnnivFooter",
    "type": "link",
    "visible": true,
    "aria_label": null
  },
  {
    "ai_id": 112,
    "tag": "a",
    "text": "view source",
    "type": "link",
    "visible": true,
    "aria_label": null
  },
  {
    "ai_id": 113,
    "tag": "a",
    "text": "Template:Str number/trim",
    "type": "link",
    "visible": true,
    "aria_label": null
  },
  {
    "ai_id": 114,
    "tag": "a",
    "text": "view source",
    "type": "link",
    "visible": true,
    "aria_label": null
  },
  {
    "ai_id": 115,
    "tag": "a",
    "text": "Template:Str rep",
    "type": "link",
    "visible": true,
    "aria_label": null
  },
  {
    "ai_id": 116,
    "tag": "a",
    "text": "view source",
    "type": "link",
    "visible": true,
    "aria_label": null
  },
  {
    "ai_id": 117,
    "tag": "a",
    "text": "Template:TFAFULL",
    "type": "link",
    "visible": true,
    "aria_label": null
  },
  {
    "ai_id": 118,
    "tag": "a",
    "text": "view source",
    "type": "link",
    "visible": true,
    "aria_label": null
  },
  {
    "ai_id": 119,
    "tag": "a",
    "text": "Template:TFAfooter",
    "type": "link",
    "visible": true,
    "aria_label": null
  },
  {
    "ai_id": 120,
    "tag": "a",
    "text": "view source",
    "type": "link",
    "visible": true,
    "aria_label": null
  },
  {
    "ai_id": 121,
    "tag": "a",
    "text": "Template:TFArecentlist",
    "type": "link",
    "visible": true,
    "aria_label": null
  },
  {
    "ai_id": 122,
    "tag": "a",
    "text": "view source",
    "type": "link",
    "visible": true,
    "aria_label": null
  },
  {
    "ai_id": 123,
    "tag": "a",
    "text": "Template:Wikipedia's sister projects",
    "type": "link",
    "visible": true,
    "aria_label": null
  },
  {
    "ai_id": 124,
    "tag": "a",
    "text": "view source",
    "type": "link",
    "visible": true,
    "aria_label": null
  },
  {
    "ai_id": 125,
    "tag": "a",
    "text": "Template:Wikipedia's sister projects/styles.css",
    "type": "link",
    "visible": true,
    "aria_label": null
  },
  {
    "ai_id": 126,
    "tag": "a",
    "text": "view source",
    "type": "link",
    "visible": true,
    "aria_label": null
  },
  {
    "ai_id": 127,
    "tag": "a",
    "text": "Template:Wikipedia languages",
    "type": "link",
    "visible": true,
    "aria_label": null
  },
  {
    "ai_id": 128,
    "tag": "a",
    "text": "view source",
    "type": "link",
    "visible": true,
    "aria_label": null
  },
  {
    "ai_id": 129,
    "tag": "a",
    "text": "Template:Wikipedia languages/core",
    "type": "link",
    "visible": true,
    "aria_label": null
  },
  {
    "ai_id": 130,
    "tag": "a",
    "text": "view source",
    "type": "link",
    "visible": true,
    "aria_label": null
  },
  {
    "ai_id": 131,
    "tag": "a",
    "text": "Template:Wikipedia languages/styles.css",
    "type": "link",
    "visible": true,
    "aria_label": null
  },
  {
    "ai_id": 132,
    "tag": "a",
    "text": "view source",
    "type": "link",
    "visible": true,
    "aria_label": null
  },
  {
    "ai_id": 133,
    "tag": "a",
    "text": "Module:Arguments",
    "type": "link",
    "visible": true,
    "aria_label": null
  },
  {
    "ai_id": 134,
    "tag": "a",
    "text": "view source",
    "type": "link",
    "visible": true,
    "aria_label": null
  },
  {
    "ai_id": 135,
    "tag": "a",
    "text": "Module:Check for unknown parameters",
    "type": "link",
    "visible": true,
    "aria_label": null
  },
  {
    "ai_id": 136,
    "tag": "a",
    "text": "view source",
    "type": "link",
    "visible": true,
    "aria_label": null
  },
  {
    "ai_id": 137,
    "tag": "a",
    "text": "Module:If empty",
    "type": "link",
    "visible": true,
    "aria_label": null
  },
  {
    "ai_id": 138,
    "tag": "a",
    "text": "view source",
    "type": "link",
    "visible": true,
    "aria_label": null
  },
  {
    "ai_id": 139,
    "tag": "a",
    "text": "Module:List",
    "type": "link",
    "visible": true,
    "aria_label": null
  },
  {
    "ai_id": 140,
    "tag": "a",
    "text": "view source",
    "type": "link",
    "visible": true,
    "aria_label": null
  },
  {
    "ai_id": 141,
    "tag": "a",
    "text": "Module:Main page image",
    "type": "link",
    "visible": true,
    "aria_label": null
  },
  {
    "ai_id": 142,
    "tag": "a",
    "text": "view source",
    "type": "link",
    "visible": true,
    "aria_label": null
  },
  {
    "ai_id": 143,
    "tag": "a",
    "text": "Module:Message box",
    "type": "link",
    "visible": true,
    "aria_label": null
  },
  {
    "ai_id": 144,
    "tag": "a",
    "text": "view source",
    "type": "link",
    "visible": true,
    "aria_label": null
  },
  {
    "ai_id": 145,
    "tag": "a",
    "text": "Module:Message box/ambox.css",
    "type": "link",
    "visible": true,
    "aria_label": null
  },
  {
    "ai_id": 146,
    "tag": "a",
    "text": "view source",
    "type": "link",
    "visible": true,
    "aria_label": null
  },
  {
    "ai_id": 147,
    "tag": "a",
    "text": "Module:Message box/configuration",
    "type": "link",
    "visible": true,
    "aria_label": null
  },
  {
    "ai_id": 148,
    "tag": "a",
    "text": "view source",
    "type": "link",
    "visible": true,
    "aria_label": null
  },
  {
    "ai_id": 149,
    "tag": "a",
    "text": "Module:String",
    "type": "link",
    "visible": true,
    "aria_label": null
  },
  {
    "ai_id": 150,
    "tag": "a",
    "text": "view source",
    "type": "link",
    "visible": true,
    "aria_label": null
  },
  {
    "ai_id": 151,
    "tag": "a",
    "text": "Module:TableTools",
    "type": "link",
    "visible": true,
    "aria_label": null
  },
  {
    "ai_id": 152,
    "tag": "a",
    "text": "view source",
    "type": "link",
    "visible": true,
    "aria_label": null
  },
  {
    "ai_id": 153,
    "tag": "a",
    "text": "Module:Yesno",
    "type": "link",
    "visible": true,
    "aria_label": null
  },
  {
    "ai_id": 154,
    "tag": "a",
    "text": "view source",
    "type": "link",
    "visible": true,
    "aria_label": null
  },
  {
    "ai_id": 155,
    "tag": "a",
    "text": "Main Page",
    "type": "link",
    "visible": true,
    "aria_label": null
  },
  {
    "ai_id": 156,
    "tag": "a",
    "text": "Privacy policy",
    "type": "link",
    "visible": true,
    "aria_label": null
  },
  {
    "ai_id": 157,
    "tag": "a",
    "text": "About Wikipedia",
    "type": "link",
    "visible": true,
    "aria_label": null
  },
  {
    "ai_id": 158,
    "tag": "a",
    "text": "Disclaimers",
    "type": "link",
    "visible": true,
    "aria_label": null
  },
  {
    "ai_id": 159,
    "tag": "a",
    "text": "Contact Wikipedia",
    "type": "link",
    "visible": true,
    "aria_label": null
  },
  {
    "ai_id": 160,
    "tag": "a",
    "text": "Code of Conduct",
    "type": "link",
    "visible": true,
    "aria_label": null
  },
  {
    "ai_id": 161,
    "tag": "a",
    "text": "Developers",
    "type": "link",
    "visible": true,
    "aria_label": null
  },
  {
    "ai_id": 162,
    "tag": "a",
    "text": "Statistics",
    "type": "link",
    "visible": true,
    "aria_label": null
  },
  {
    "ai_id": 163,
    "tag": "a",
    "text": "Cookie statement",
    "type": "link",
    "visible": true,
    "aria_label": null
  },
  {
    "ai_id": 164,
    "tag": "a",
    "text": "Mobile view",
    "type": "link",
    "visible": true,
    "aria_label": null
  },
  {
    "ai_id": 165,
    "tag": "a",
    "text": "",
    "type": "link",
    "visible": true,
    "aria_label": null
  },
  {
    "ai_id": 166,
    "tag": "a",
    "text": "",
    "type": "link",
    "visible": true,
    "aria_label": null
  },
  {
    "ai_id": 167,
    "tag": "input",
    "text": "",
    "type": "button",
    "visible": true,
    "aria_label": "Main menu"
  },
  {
    "ai_id": 168,
    "tag": "input",
    "text": "",
    "type": "input",
    "visible": true,
    "aria_label": "Search Wikipedia"
  },
  {
    "ai_id": 169,
    "tag": "input",
    "text": "",
    "type": "button",
    "visible": true,
    "aria_label": "Tools"
  },
  {
    "ai_id": 170,
    "tag": "input",
    "text": "",
    "type": "radio",
    "visible": true,
    "aria_label": null
  },
  {
    "ai_id": 171,
    "tag": "input",
    "text": "",
    "type": "radio",
    "visible": true,
    "aria_label": null
  },
  {
    "ai_id": 172,
    "tag": "input",
    "text": "",
    "type": "radio",
    "visible": true,
    "aria_label": null
  },
  {
    "ai_id": 173,
    "tag": "input",
    "text": "",
    "type": "radio",
    "visible": true,
    "aria_label": null
  },
  {
    "ai_id": 174,
    "tag": "input",
    "text": "",
    "type": "radio",
    "visible": true,
    "aria_label": null
  },
  {
    "ai_id": 175,
    "tag": "input",
    "text": "",
    "type": "radio",
    "visible": true,
    "aria_label": null
  },
  {
    "ai_id": 176,
    "tag": "input",
    "text": "",
    "type": "radio",
    "visible": true,
    "aria_label": null
  },
  {
    "ai_id": 177,
    "tag": "input",
    "text": "",
    "type": "radio",
    "visible": true,
    "aria_label": null
  },
  {
    "ai_id": 178,
    "tag": "input",
    "text": "",
    "type": "button",
    "visible": true,
    "aria_label": "This article is only available in this language. Add the article for other languages"
  },
  {
    "ai_id": 179,
    "tag": "textarea",
    "text": "<noinclude>{{SHORTDESC:Main page of the English Wikipedia}}</noinclude><templatestyles src=\"Wikipedi",
    "type": "textarea",
    "visible": true,
    "aria_label": null
  }
]